-- MySQL dump 10.13  Distrib 5.5.47, for debian-linux-gnu (x86_64)
--
-- Host: 100.74.66.4    Database: walle
-- ------------------------------------------------------
-- Server version	5.7.11

/*!40101 SET @OLD_CHARACTER_SET_CLIENT=@@CHARACTER_SET_CLIENT */;
/*!40101 SET @OLD_CHARACTER_SET_RESULTS=@@CHARACTER_SET_RESULTS */;
/*!40101 SET @OLD_COLLATION_CONNECTION=@@COLLATION_CONNECTION */;
/*!40101 SET NAMES utf8 */;
/*!40103 SET @OLD_TIME_ZONE=@@TIME_ZONE */;
/*!40103 SET TIME_ZONE='+00:00' */;
/*!40014 SET @OLD_UNIQUE_CHECKS=@@UNIQUE_CHECKS, UNIQUE_CHECKS=0 */;
/*!40014 SET @OLD_FOREIGN_KEY_CHECKS=@@FOREIGN_KEY_CHECKS, FOREIGN_KEY_CHECKS=0 */;
/*!40101 SET @OLD_SQL_MODE=@@SQL_MODE, SQL_MODE='NO_AUTO_VALUE_ON_ZERO' */;
/*!40111 SET @OLD_SQL_NOTES=@@SQL_NOTES, SQL_NOTES=0 */;

--
-- Table structure for table `group`
--

DROP TABLE IF EXISTS `group`;
/*!40101 SET @saved_cs_client     = @@character_set_client */;
/*!40101 SET character_set_client = utf8 */;
CREATE TABLE `group` (
  `id` int(11) NOT NULL AUTO_INCREMENT,
  `project_id` int(2) unsigned NOT NULL COMMENT 'é¡¹ç›®id',
  `user_id` int(32) NOT NULL COMMENT 'ç”¨æˆ·id',
  `type` smallint(1) DEFAULT '0' COMMENT 'ç”¨æˆ·åœ¨é¡¹ç›®ä¸­çš„å…³ç³»ç±»åž‹ 0æ™®é€šç”¨æˆ·ï¼Œ 1ç®¡ç†å‘˜',
  PRIMARY KEY (`id`)
) ENGINE=InnoDB AUTO_INCREMENT=30 DEFAULT CHARSET=utf8;
/*!40101 SET character_set_client = @saved_cs_client */;

--
-- Dumping data for table `group`
--

LOCK TABLES `group` WRITE;
/*!40000 ALTER TABLE `group` DISABLE KEYS */;
INSERT INTO `group` VALUES (9,4,1,1),(12,4,11,0),(13,4,12,0),(14,5,1,1),(15,6,1,1),(16,7,1,1),(17,8,1,1),(18,6,11,0),(19,6,12,0),(20,4,9,0),(21,7,11,1),(22,8,11,1),(23,9,1,1),(24,10,1,1),(25,11,1,1),(26,12,1,1),(27,13,1,1),(28,14,1,1),(29,5,12,1);
/*!40000 ALTER TABLE `group` ENABLE KEYS */;
UNLOCK TABLES;

--
-- Table structure for table `migration`
--

DROP TABLE IF EXISTS `migration`;
/*!40101 SET @saved_cs_client     = @@character_set_client */;
/*!40101 SET character_set_client = utf8 */;
CREATE TABLE `migration` (
  `version` varchar(180) NOT NULL,
  `apply_time` int(11) DEFAULT NULL,
  PRIMARY KEY (`version`)
) ENGINE=InnoDB DEFAULT CHARSET=utf8;
/*!40101 SET character_set_client = @saved_cs_client */;

--
-- Dumping data for table `migration`
--

LOCK TABLES `migration` WRITE;
/*!40000 ALTER TABLE `migration` DISABLE KEYS */;
INSERT INTO `migration` VALUES ('m000000_000000_base',1456723338),('m140328_144900_init',1456723343),('m150926_151034_init_user',1456723343),('m150927_061454_alter_conf_to_mysql',1456723344),('m150929_004629_change_record_action',1456723344),('m150929_034627_session_to_mysql',1456723344),('m150929_115951_project_user_group',1456723344),('m151005_001053_alter_conf_2_project',1456723344),('m151010_050344_group_user_admin',1456723345),('m151011_054352_task_need_more_long',1456723345),('m151012_135612_task_add_branch',1456723345),('m151014_115546_add_pre_release_task',1456723346),('m151018_032238_support_svn',1456723346),('m151027_063246_keep_version_num',1456723346);
/*!40000 ALTER TABLE `migration` ENABLE KEYS */;
UNLOCK TABLES;

--
-- Table structure for table `project`
--

DROP TABLE IF EXISTS `project`;
/*!40101 SET @saved_cs_client     = @@character_set_client */;
/*!40101 SET character_set_client = utf8 */;
CREATE TABLE `project` (
  `id` int(11) NOT NULL AUTO_INCREMENT,
  `user_id` int(21) unsigned NOT NULL COMMENT 'æ·»åŠ é¡¹ç›®çš„ç”¨æˆ·id',
  `name` varchar(100) DEFAULT 'master' COMMENT 'é¡¹ç›®åå­—',
  `level` smallint(1) NOT NULL COMMENT 'é¡¹ç›®çŽ¯å¢ƒ1ï¼šæµ‹è¯•ï¼Œ2ï¼šä»¿çœŸï¼Œ3ï¼šçº¿ä¸Š',
  `status` smallint(1) NOT NULL DEFAULT '1' COMMENT 'çŠ¶æ€0ï¼šæ— æ•ˆï¼Œ1æœ‰æ•ˆ',
  `version` varchar(32) DEFAULT NULL COMMENT 'çº¿ä¸Šå½“å‰ç‰ˆæœ¬ï¼Œç”¨äºŽå¿«é€Ÿå›žæ»š',
  `repo_url` varchar(200) DEFAULT '' COMMENT 'gitåœ°å€',
  `repo_username` varchar(50) DEFAULT '' COMMENT 'ç‰ˆæœ¬ç®¡ç†ç³»ç»Ÿçš„ç”¨æˆ·åï¼Œä¸€èˆ¬ä¸ºsvnçš„ç”¨æˆ·å',
  `repo_password` varchar(100) DEFAULT '' COMMENT 'ç‰ˆæœ¬ç®¡ç†ç³»ç»Ÿçš„å¯†ç ï¼Œä¸€èˆ¬ä¸ºsvnçš„å¯†ç ',
  `repo_mode` varchar(50) DEFAULT 'branch' COMMENT 'ä¸Šçº¿æ–¹å¼ï¼šbranch/tag',
  `repo_type` varchar(10) DEFAULT 'git' COMMENT 'ä¸Šçº¿æ–¹å¼ï¼šgit/svn',
  `deploy_from` varchar(200) NOT NULL COMMENT 'å®¿ä¸»æœºå­˜æ”¾cloneå‡ºæ¥çš„æ–‡ä»¶',
  `excludes` text COMMENT 'è¦æŽ’é™¤çš„æ–‡ä»¶',
  `release_user` varchar(50) NOT NULL COMMENT 'ç›®æ ‡æœºå™¨ç”¨æˆ·',
  `release_to` varchar(200) NOT NULL COMMENT 'ç›®æ ‡æœºå™¨çš„ç›®å½•ï¼Œç›¸å½“äºŽnginxçš„rootï¼Œå¯ç›´æŽ¥webè®¿é—®',
  `release_library` varchar(200) NOT NULL COMMENT 'ç›®æ ‡æœºå™¨ç‰ˆæœ¬å‘å¸ƒåº“',
  `hosts` text COMMENT 'ç›®æ ‡æœºå™¨åˆ—è¡¨',
  `pre_deploy` text COMMENT 'éƒ¨ç½²å‰ç½®ä»»åŠ¡',
  `post_deploy` text COMMENT 'åŒæ­¥ä¹‹å‰ä»»åŠ¡',
  `pre_release` text COMMENT 'åŒæ­¥ä¹‹å‰ç›®æ ‡æœºå™¨æ‰§è¡Œçš„ä»»åŠ¡',
  `post_release` text COMMENT 'åŒæ­¥ä¹‹åŽç›®æ ‡æœºå™¨æ‰§è¡Œçš„ä»»åŠ¡',
  `audit` smallint(1) DEFAULT '0' COMMENT 'æ˜¯å¦éœ€è¦å®¡æ ¸ä»»åŠ¡0ä¸éœ€è¦ï¼Œ1éœ€è¦',
  `keep_version_num` int(3) NOT NULL DEFAULT '20' COMMENT 'çº¿ä¸Šç‰ˆæœ¬ä¿ç•™æ•°',
  `created_at` datetime DEFAULT NULL COMMENT 'åˆ›å»ºæ—¶é—´',
  `updated_at` datetime DEFAULT NULL COMMENT 'ä¿®æ”¹æ—¶é—´',
  PRIMARY KEY (`id`)
) ENGINE=InnoDB AUTO_INCREMENT=15 DEFAULT CHARSET=utf8;
/*!40101 SET character_set_client = @saved_cs_client */;

--
-- Dumping data for table `project`
--

LOCK TABLES `project` WRITE;
/*!40000 ALTER TABLE `project` DISABLE KEYS */;
INSERT INTO `project` VALUES (4,1,'deepshare2',1,1,'20160315-105217','git@github.com:MISingularity/deepshare2.git','','','branch','git','/data/deploy/repo/test/deepshare2','','docker','/mnt/test/deepshare2','/mnt/www/deepshare2','qdu.cloudapp.net ','','','','bash /mnt/test/deepshare2_test_image_build.sh',0,20,'2016-03-04 10:45:41','2016-03-15 02:56:49'),(5,1,'deepshare_website',3,1,'20160315-163756','git@github.com:MISingularity/deepshare_website.git','','','tag','git','/data/deploy/repo/prod/deepshare_website','','core','/mnt/resource/deepshare_website','/mnt/resource/origin_deepshare_website','139.217.25.52:2209','','','','bash  /mnt/resource/prod/deepshare2_website_prod.sh',1,20,'2016-03-07 11:23:50','2016-03-15 08:38:33'),(6,1,'deepshare_website',2,1,'20160315-163522','git@github.com:MISingularity/deepshare_website.git','','','branch','git','/data/deploy/repo/staging/deepshare_website','','core','/mnt/resource/deepshare_website','/mnt/resource/origin_deepshare_website/deepshare_website','139.217.25.52:2234','','','','bash /mnt/resource/staging/deepshare2_website_staging.sh',0,20,'2016-03-07 11:27:26','2016-03-15 08:35:58'),(7,1,'deepshare2',3,1,'20160309-193349','git@github.com:MISingularity/deepshare2.git','','','tag','git','/data/deploy/repo/prod/deepshare2','','docker','/mnt/prod/deepshare2','/mnt/www/prod/deepshare2','qdu.cloudapp.net ','','','','bash /mnt/prod/deepshare2_prod_image_build.sh',1,20,'2016-03-07 11:44:40','2016-03-10 03:02:03'),(8,1,'deepshare2',2,1,'20160309-170642','git@github.com:MISingularity/deepshare2.git','','','branch','git','/data/deploy/repo/staging/deepshare2','','docker','/mnt/staging/deepshare2','/mnt/www/staging/deepshare2','qdu.cloudapp.net ','','','','bash /mnt/staging/deepshare2_staging_image_build.sh',0,20,'2016-03-07 12:02:11','2016-03-09 09:11:15'),(9,1,'deepstats',1,1,NULL,'https://github.com/MISingularity/deepstats.git','','','branch','git','/data/deploy/repo/test/deepstats','','docker','/mnt/test/deepstats','/mnt/www/deepstats','qdu.cloudapp.net ','','','','bash /mnt/test/deepstats_test_image_build.sh',0,20,'2016-03-10 02:38:59','2016-03-10 02:48:02'),(10,1,'deepstats',2,1,NULL,'https://github.com/MISingularity/deepstats.git','','','branch','git','/data/deploy/repo/staging/deepstats','','docker','/mnt/staging/deepstats','/mnt/www/staging/deepstats','qdu.cloudapp.net ','','','','bash /mnt/staging/deepstats_staging_image_build.sh',0,20,'2016-03-10 02:39:00','2016-03-10 02:48:35'),(11,1,'deepstats',3,1,NULL,'https://github.com/MISingularity/deepstats.git','','','tag','git','/data/deploy/repo/prod/deepstats','','docker','/mnt/prod/deepstats','/mnt/www/prod/deepstats','qdu.cloudapp.net ','','','','bash /mnt/prod/deepstats_prod_image_build.sh',1,20,'2016-03-10 02:42:17','2016-03-10 02:43:53'),(12,1,'deepdash',3,1,NULL,'https://github.com/MISingularity/deepdash.git','','','tag','git','/data/deploy/repo/prod/deepdash','','docker','/mnt/prod/deepdash','/mnt/www/prod/deepdash','qdu.cloudapp.net ','','','','bash /mnt/prod/deepdash_prod_image_build.sh',1,20,'2016-03-10 03:06:57','2016-03-10 03:09:19'),(13,1,'deepdash',2,1,NULL,'https://github.com/MISingularity/deepdash.git','','','branch','git','/data/deploy/repo/staging/deepdash','','docker','/mnt/staging/deepdash','/mnt/www/staging/deepdash','qdu.cloudapp.net ','','','','bash /mnt/staging/deepdash_staging_image_build.sh',0,20,'2016-03-10 03:07:06','2016-03-10 03:10:11'),(14,1,'deepdash',1,1,NULL,'https://github.com/MISingularity/deepdash.git','','','branch','git','/data/deploy/repo/test/deepdash','','docker','/mnt/test/deepdash','/mnt/www/deepdash','qdu.cloudapp.net ','','','','bash /mnt/test/deepdash_test_image_build.sh',0,20,'2016-03-10 03:07:11','2016-03-10 03:11:21');
/*!40000 ALTER TABLE `project` ENABLE KEYS */;
UNLOCK TABLES;

--
-- Table structure for table `record`
--

DROP TABLE IF EXISTS `record`;
/*!40101 SET @saved_cs_client     = @@character_set_client */;
/*!40101 SET character_set_client = utf8 */;
CREATE TABLE `record` (
  `id` int(11) NOT NULL AUTO_INCREMENT,
  `user_id` int(21) unsigned NOT NULL COMMENT 'ç”¨æˆ·id',
  `task_id` bigint(21) NOT NULL COMMENT 'ä»»åŠ¡id',
  `status` smallint(1) NOT NULL DEFAULT '1' COMMENT 'çŠ¶æ€1ï¼šæˆåŠŸï¼Œ0å¤±è´¥',
  `action` int(3) unsigned DEFAULT '10' COMMENT 'ä»»åŠ¡æ‰§è¡Œåˆ°çš„é˜¶æ®µ',
  `command` text COMMENT 'è¿è¡Œå‘½ä»¤',
  `duration` int(10) DEFAULT '0' COMMENT 'è€—æ—¶ï¼Œå•ä½ms',
  `memo` text COMMENT 'æ—¥å¿—/å¤‡æ³¨',
  `created_at` int(10) DEFAULT '0' COMMENT 'åˆ›å»ºæ—¶é—´',
  PRIMARY KEY (`id`)
) ENGINE=InnoDB AUTO_INCREMENT=459 DEFAULT CHARSET=utf8;
/*!40101 SET character_set_client = @saved_cs_client */;

--
-- Dumping data for table `record`
--

LOCK TABLES `record` WRITE;
/*!40000 ALTER TABLE `record` DISABLE KEYS */;
INSERT INTO `record` VALUES (1,1,1,1,24,'\'ssh  -T  -p 22 -q -o UserKnownHostsFile=/dev/null -o StrictHostKeyChecking=no docker@qdu.cloudapp.net \" mkdir -p /mnt/test/godemo/20160303-160118 \"\'',757,'\'qdu.cloudapp.net : bash: warning: setlocale: LC_ALL: cannot change locale (zh_CN.UTF-8)\'',1456992079),(2,1,1,0,40,'\'source /etc/profile && cd /data/deploy/repo/test/godemo-20160303-160118 && ls -la /mnt\'',3,'\'\'',1456992079),(3,3,3,1,24,'\'ssh  -T  -p 22 -q -o UserKnownHostsFile=/dev/null -o StrictHostKeyChecking=no docker@qdu.cloudapp.net \" mkdir -p /mnt/test/godemo/20160303-164658 \"\'',753,'\'qdu.cloudapp.net : bash: warning: setlocale: LC_ALL: cannot change locale (zh_CN.UTF-8)\'',1456994818),(4,3,3,0,40,'\'source /etc/profile && cd /data/deploy/repo/test/godemo-20160303-164658 && ls -la /mnt\'',2,'\'\'',1456994818),(5,1,4,1,24,'\'ssh  -T  -p 22 -q -o UserKnownHostsFile=/dev/null -o StrictHostKeyChecking=no docker@qdu.cloudapp.net \" mkdir -p /mnt/test/godemo/20160303-165920 \"\'',786,'\'qdu.cloudapp.net : bash: warning: setlocale: LC_ALL: cannot change locale (zh_CN.UTF-8)\'',1456995561),(6,1,4,0,40,'\'source /etc/profile && cd /data/deploy/repo/test/godemo-20160303-165920 && ls -la /mnt\'',2,'\'\'',1456995561),(7,1,5,1,24,'\'ssh  -T  -p 22 -q -o UserKnownHostsFile=/dev/null -o StrictHostKeyChecking=no docker@qdu.cloudapp.net \" mkdir -p /mnt/test/godemo/20160303-170715 \"\'',792,'\'qdu.cloudapp.net : bash: warning: setlocale: LC_ALL: cannot change locale (zh_CN.UTF-8)\'',1456996036),(8,1,5,1,40,'\'\'',0,'NULL',1456996036),(9,1,5,1,53,'\'cd /data/deploy/repo/test/godemo-20160303-170715  && /usr/bin/env git reset -q --hard a2a62e8\'',648,'\'\'',1456996036),(10,1,5,0,64,'\'source /etc/profile && cd /data/deploy/repo/test/godemo-20160303-170715 && cat /data/deploy/repo/test/godemo/http-test.go\'',3,'\'\'',1456996036),(11,1,6,1,24,'\'ssh  -T  -p 22 -q -o UserKnownHostsFile=/dev/null -o StrictHostKeyChecking=no docker@qdu.cloudapp.net \" mkdir -p /mnt/test/godemo/20160303-170903 \"\'',640,'\'qdu.cloudapp.net : bash: warning: setlocale: LC_ALL: cannot change locale (zh_CN.UTF-8)\'',1456996144),(12,1,6,1,40,'\'\'',0,'NULL',1456996144),(13,1,6,1,53,'\'cd /data/deploy/repo/test/godemo-20160303-170903  && /usr/bin/env git reset -q --hard ae464f0\'',656,'\'\'',1456996145),(14,1,6,0,64,'\'source /etc/profile && cd /data/deploy/repo/test/godemo-20160303-170903 && touch /mnt/test1\'',3,'\'\'',1456996145),(33,1,7,1,24,'\'ssh  -T  -p 22 -q -o UserKnownHostsFile=/dev/null -o StrictHostKeyChecking=no docker@qdu.cloudapp.net \" mkdir -p /mnt/test/godemo/20160303-172112 \"\'',731,'\'qdu.cloudapp.net : bash: warning: setlocale: LC_ALL: cannot change locale (zh_CN.UTF-8)\'',1456996873),(34,1,7,1,40,'\'\'',0,'NULL',1456996873),(35,1,7,1,53,'\'cd /data/deploy/repo/test/godemo-20160303-172112  && /usr/bin/env git reset -q --hard 51b65b1\'',652,'\'\'',1456996874),(36,1,7,1,64,'\'\'',0,'NULL',1456996874),(37,1,7,1,78,'\'rsync -avzq --rsh=\"ssh -q -o UserKnownHostsFile=/dev/null -o StrictHostKeyChecking=no -p 22\"  /data/deploy/repo/test/godemo-20160303-172112/ docker@qdu.cloudapp.net:/mnt/test/godemo/20160303-172112\'',832,'\'bash: warning: setlocale: LC_ALL: cannot change locale (zh_CN.UTF-8)\'',1456996874),(38,1,7,1,100,'\'ssh  -T  -p 22 -q -o UserKnownHostsFile=/dev/null -o StrictHostKeyChecking=no docker@qdu.cloudapp.net \" ln -sfn /mnt/test/godemo/20160303-172112 /mnt/test/godemo/current-godemo.tmp && mv -fT /mnt/test/godemo/current-godemo.tmp /mnt/www/godemo \"\'',630,'\'qdu.cloudapp.net : bash: warning: setlocale: LC_ALL: cannot change locale (zh_CN.UTF-8)\'',1456996875),(39,1,8,1,24,'\'ssh  -T  -p 22 -q -o UserKnownHostsFile=/dev/null -o StrictHostKeyChecking=no docker@qdu.cloudapp.net \" mkdir -p /mnt/test/godemo/20160303-172856 \"\'',778,'\'qdu.cloudapp.net : bash: warning: setlocale: LC_ALL: cannot change locale (zh_CN.UTF-8)\'',1456997337),(40,1,8,1,40,'\'\'',0,'NULL',1456997337),(41,1,8,1,53,'\'cd /data/deploy/repo/test/godemo-20160303-172856  && /usr/bin/env git reset -q --hard ae464f0\'',634,'\'\'',1456997338),(42,1,8,0,64,'\'source /etc/profile && cd /data/deploy/repo/test/godemo-20160303-172856 && ls -la\'',3,'\'\'',1456997338),(45,1,10,1,100,'\'ssh  -T  -p 22 -q -o UserKnownHostsFile=/dev/null -o StrictHostKeyChecking=no docker@qdu.cloudapp.net \" ln -sfn /mnt/test/godemo/ /mnt/test/godemo/current-godemo.tmp && mv -fT /mnt/test/godemo/current-godemo.tmp /mnt/www/godemo \"\'',898,'\'qdu.cloudapp.net : bash: warning: setlocale: LC_ALL: cannot change locale (zh_CN.UTF-8)\'',1456997481),(46,1,11,1,100,'\'ssh  -T  -p 22 -q -o UserKnownHostsFile=/dev/null -o StrictHostKeyChecking=no docker@qdu.cloudapp.net \" ln -sfn /mnt/test/godemo/ /mnt/test/godemo/current-godemo.tmp && mv -fT /mnt/test/godemo/current-godemo.tmp /mnt/www/godemo \"\'',740,'\'qdu.cloudapp.net : bash: warning: setlocale: LC_ALL: cannot change locale (zh_CN.UTF-8)\'',1456997494),(47,1,12,1,24,'\'ssh  -T  -p 22 -q -o UserKnownHostsFile=/dev/null -o StrictHostKeyChecking=no docker@qdu.cloudapp.net \" mkdir -p /mnt/test/godemo/20160303-173225 \"\'',764,'\'qdu.cloudapp.net : bash: warning: setlocale: LC_ALL: cannot change locale (zh_CN.UTF-8)\'',1456997546),(48,1,12,1,40,'\'\'',0,'NULL',1456997546),(49,1,12,1,53,'\'cd /data/deploy/repo/test/godemo-20160303-173225  && /usr/bin/env git reset -q --hard ae464f0\'',1384,'\'\'',1456997548),(50,1,12,1,64,'\'\'',0,'NULL',1456997548),(51,1,12,1,78,'\'rsync -avzq --rsh=\"ssh -q -o UserKnownHostsFile=/dev/null -o StrictHostKeyChecking=no -p 22\"  /data/deploy/repo/test/godemo-20160303-173225/ docker@qdu.cloudapp.net:/mnt/test/godemo/20160303-173225\'',783,'\'bash: warning: setlocale: LC_ALL: cannot change locale (zh_CN.UTF-8)\'',1456997548),(52,1,12,1,100,'\'ssh  -T  -p 22 -q -o UserKnownHostsFile=/dev/null -o StrictHostKeyChecking=no docker@qdu.cloudapp.net \" ln -sfn /mnt/test/godemo/20160303-173225 /mnt/test/godemo/current-godemo.tmp && mv -fT /mnt/test/godemo/current-godemo.tmp /mnt/www/godemo \"\'',631,'\'qdu.cloudapp.net : bash: warning: setlocale: LC_ALL: cannot change locale (zh_CN.UTF-8)\'',1456997549),(53,1,13,1,24,'\'ssh  -T  -p 22 -q -o UserKnownHostsFile=/dev/null -o StrictHostKeyChecking=no docker@qdu.cloudapp.net \" mkdir -p /mnt/test/godemo/20160303-173421 \"\'',643,'\'qdu.cloudapp.net : bash: warning: setlocale: LC_ALL: cannot change locale (zh_CN.UTF-8)\'',1456997662),(54,1,13,1,40,'\'\'',0,'NULL',1456997662),(55,1,13,1,53,'\'cd /data/deploy/repo/test/godemo-20160303-173421  && /usr/bin/env git reset -q --hard 51b65b1\'',627,'\'\'',1456997662),(56,1,13,1,64,'\'\'',0,'NULL',1456997662),(57,1,13,1,78,'\'rsync -avzq --rsh=\"ssh -q -o UserKnownHostsFile=/dev/null -o StrictHostKeyChecking=no -p 22\"  /data/deploy/repo/test/godemo-20160303-173421/ docker@qdu.cloudapp.net:/mnt/test/godemo/20160303-173421\'',701,'\'bash: warning: setlocale: LC_ALL: cannot change locale (zh_CN.UTF-8)\'',1456997663),(58,1,13,0,100,'\'ssh  -T  -p 22 -q -o UserKnownHostsFile=/dev/null -o StrictHostKeyChecking=no docker@qdu.cloudapp.net \" source /etc/profile && cd /mnt/test/godemo/20160303-173421 && touch /mnt/testing && ln -sfn /mnt/test/godemo/20160303-173421 /mnt/test/godemo/current-godemo.tmp && mv -fT /mnt/test/godemo/current-godemo.tmp /mnt/www/godemo && source /etc/profile && cd /mnt/test/godemo/20160303-173421 && touch /mnt/testing111 \"\'',622,'\'qdu.cloudapp.net : bash: warning: setlocale: LC_ALL: cannot change locale (zh_CN.UTF-8)\ntouch: cannot touch \\\'/mnt/testing\\\': Permission denied\'',1456997664),(59,1,14,1,24,'\'ssh  -T  -p 22 -q -o UserKnownHostsFile=/dev/null -o StrictHostKeyChecking=no docker@qdu.cloudapp.net \" mkdir -p /mnt/test/godemo/20160303-173733 \"\'',737,'\'qdu.cloudapp.net : bash: warning: setlocale: LC_ALL: cannot change locale (zh_CN.UTF-8)\'',1456997854),(60,1,14,1,40,'\'\'',0,'NULL',1456997854),(61,1,14,1,53,'\'cd /data/deploy/repo/test/godemo-20160303-173733  && /usr/bin/env git reset -q --hard 51b65b1\'',615,'\'\'',1456997855),(62,1,14,1,64,'\'\'',0,'NULL',1456997855),(63,1,14,1,78,'\'rsync -avzq --rsh=\"ssh -q -o UserKnownHostsFile=/dev/null -o StrictHostKeyChecking=no -p 22\"  /data/deploy/repo/test/godemo-20160303-173733/ docker@qdu.cloudapp.net:/mnt/test/godemo/20160303-173733\'',711,'\'bash: warning: setlocale: LC_ALL: cannot change locale (zh_CN.UTF-8)\'',1456997855),(64,1,14,1,100,'\'ssh  -T  -p 22 -q -o UserKnownHostsFile=/dev/null -o StrictHostKeyChecking=no docker@qdu.cloudapp.net \" source /etc/profile && cd /mnt/test/godemo/20160303-173733 && touch /mnt/t1/testing && ln -sfn /mnt/test/godemo/20160303-173733 /mnt/test/godemo/current-godemo.tmp && mv -fT /mnt/test/godemo/current-godemo.tmp /mnt/www/godemo && source /etc/profile && cd /mnt/test/godemo/20160303-173733 && touch /mnt/t1/testing111 \"\'',778,'\'qdu.cloudapp.net : bash: warning: setlocale: LC_ALL: cannot change locale (zh_CN.UTF-8)\'',1456997856),(65,1,9,1,24,'\'ssh  -T  -p 22 -q -o UserKnownHostsFile=/dev/null -o StrictHostKeyChecking=no docker@qdu.cloudapp.net \" mkdir -p /mnt/test/godemo/20160304-100327 \"\'',957,'\'qdu.cloudapp.net : bash: warning: setlocale: LC_ALL: cannot change locale (zh_CN.UTF-8)\'',1457057008),(66,1,9,1,40,'\'\'',0,'NULL',1457057008),(67,1,9,1,53,'\'cd /data/deploy/repo/test/godemo-20160304-100327  && /usr/bin/env git reset -q --hard 51b65b1\'',639,'\'\'',1457057009),(68,1,9,1,64,'\'\'',0,'NULL',1457057009),(69,1,9,1,78,'\'rsync -avzq --rsh=\"ssh -q -o UserKnownHostsFile=/dev/null -o StrictHostKeyChecking=no -p 22\"  /data/deploy/repo/test/godemo-20160304-100327/ docker@qdu.cloudapp.net:/mnt/test/godemo/20160304-100327\'',709,'\'bash: warning: setlocale: LC_ALL: cannot change locale (zh_CN.UTF-8)\'',1457057009),(70,1,9,1,100,'\'ssh  -T  -p 22 -q -o UserKnownHostsFile=/dev/null -o StrictHostKeyChecking=no docker@qdu.cloudapp.net \" source /etc/profile && cd /mnt/test/godemo/20160304-100327 && touch /mnt/t1/testing && ln -sfn /mnt/test/godemo/20160304-100327 /mnt/test/godemo/current-godemo.tmp && mv -fT /mnt/test/godemo/current-godemo.tmp /mnt/www/godemo && source /etc/profile && cd /mnt/test/godemo/20160304-100327 && touch /mnt/t1/testing111 \"\'',763,'\'qdu.cloudapp.net : bash: warning: setlocale: LC_ALL: cannot change locale (zh_CN.UTF-8)\'',1457057010),(71,1,15,1,24,'\'ssh  -T  -p 22 -q -o UserKnownHostsFile=/dev/null -o StrictHostKeyChecking=no docker@qdu.cloudapp.net \" mkdir -p /mnt/test/godemo/20160304-100412 \"\'',923,'\'qdu.cloudapp.net : bash: warning: setlocale: LC_ALL: cannot change locale (zh_CN.UTF-8)\'',1457057053),(72,1,15,1,40,'\'\'',0,'NULL',1457057053),(73,1,15,1,53,'\'cd /data/deploy/repo/test/godemo-20160304-100412  && /usr/bin/env git reset -q --hard 51b65b1\'',629,'\'\'',1457057054),(74,1,15,1,64,'\'\'',0,'NULL',1457057054),(75,1,15,1,78,'\'rsync -avzq --rsh=\"ssh -q -o UserKnownHostsFile=/dev/null -o StrictHostKeyChecking=no -p 22\"  /data/deploy/repo/test/godemo-20160304-100412/ docker@qdu.cloudapp.net:/mnt/test/godemo/20160304-100412\'',657,'\'bash: warning: setlocale: LC_ALL: cannot change locale (zh_CN.UTF-8)\'',1457057054),(76,1,15,1,100,'\'ssh  -T  -p 22 -q -o UserKnownHostsFile=/dev/null -o StrictHostKeyChecking=no docker@qdu.cloudapp.net \" source /etc/profile && cd /mnt/test/godemo/20160304-100412 && touch /mnt/t1/testing && ln -sfn /mnt/test/godemo/20160304-100412 /mnt/test/godemo/current-godemo.tmp && mv -fT /mnt/test/godemo/current-godemo.tmp /mnt/www/godemo && source /etc/profile && cd /mnt/test/godemo/20160304-100412 && touch /mnt/t1/testing111 \"\'',618,'\'qdu.cloudapp.net : bash: warning: setlocale: LC_ALL: cannot change locale (zh_CN.UTF-8)\'',1457057055),(77,10,23,1,24,'\'ssh  -T  -p 22 -q -o UserKnownHostsFile=/dev/null -o StrictHostKeyChecking=no docker@qdu.cloudapp.net \" mkdir -p /mnt/test/godemo/20160304-110635 \"\'',650,'\'qdu.cloudapp.net : bash: warning: setlocale: LC_ALL: cannot change locale (zh_CN.UTF-8)\'',1457060796),(78,10,23,1,40,'\'\'',0,'NULL',1457060796),(79,10,23,1,53,'\'cd /data/deploy/repo/test/godemo-20160304-110635  && /usr/bin/env git reset -q --hard a2a62e8\'',644,'\'\'',1457060796),(80,10,23,1,64,'\'\'',0,'NULL',1457060796),(81,10,23,1,78,'\'rsync -avzq --rsh=\"ssh -q -o UserKnownHostsFile=/dev/null -o StrictHostKeyChecking=no -p 22\"  /data/deploy/repo/test/godemo-20160304-110635/ docker@qdu.cloudapp.net:/mnt/test/godemo/20160304-110635\'',710,'\'bash: warning: setlocale: LC_ALL: cannot change locale (zh_CN.UTF-8)\'',1457060797),(82,10,23,1,100,'\'ssh  -T  -p 22 -q -o UserKnownHostsFile=/dev/null -o StrictHostKeyChecking=no docker@qdu.cloudapp.net \" source /etc/profile && cd /mnt/test/godemo/20160304-110635 && touch /mnt/t1/testing && ln -sfn /mnt/test/godemo/20160304-110635 /mnt/test/godemo/current-godemo.tmp && mv -fT /mnt/test/godemo/current-godemo.tmp /mnt/www/godemo && source /etc/profile && cd /mnt/test/godemo/20160304-110635 && touch /mnt/t1/testing111 \"\'',601,'\'qdu.cloudapp.net : bash: warning: setlocale: LC_ALL: cannot change locale (zh_CN.UTF-8)\'',1457060798),(89,3,24,1,24,'\'ssh  -T  -p 22 -q -o UserKnownHostsFile=/dev/null -o StrictHostKeyChecking=no docker@qdu.cloudapp.net \" mkdir -p /mnt/test/prod/godemo/godemo/20160304-113002 \"\'',649,'\'qdu.cloudapp.net : bash: warning: setlocale: LC_ALL: cannot change locale (zh_CN.UTF-8)\'',1457062203),(90,3,24,1,40,'\'\'',0,'NULL',1457062203),(91,3,24,1,53,'\'cd /data/deploy/repo/prod/godemo-20160304-113002  && /usr/bin/env git reset -q --hard\'',641,'\'\'',1457062204),(92,3,24,1,64,'\'\'',0,'NULL',1457062204),(93,3,24,1,78,'\'rsync -avzq --rsh=\"ssh -q -o UserKnownHostsFile=/dev/null -o StrictHostKeyChecking=no -p 22\"  /data/deploy/repo/prod/godemo-20160304-113002/ docker@qdu.cloudapp.net:/mnt/test/prod/godemo/godemo/20160304-113002\'',649,'\'bash: warning: setlocale: LC_ALL: cannot change locale (zh_CN.UTF-8)\'',1457062204),(94,3,24,1,100,'\'ssh  -T  -p 22 -q -o UserKnownHostsFile=/dev/null -o StrictHostKeyChecking=no docker@qdu.cloudapp.net \" ln -sfn /mnt/test/prod/godemo/godemo/20160304-113002 /mnt/test/prod/godemo/godemo/current-godemo.tmp && mv -fT /mnt/test/prod/godemo/godemo/current-godemo.tmp /mnt/www/prod/godemo \"\'',614,'\'qdu.cloudapp.net : bash: warning: setlocale: LC_ALL: cannot change locale (zh_CN.UTF-8)\'',1457062205),(95,3,25,1,24,'\'ssh  -T  -p 22 -q -o UserKnownHostsFile=/dev/null -o StrictHostKeyChecking=no docker@qdu.cloudapp.net \" mkdir -p /mnt/test/prod/godemo/godemo/20160304-113016 \"\'',597,'\'qdu.cloudapp.net : bash: warning: setlocale: LC_ALL: cannot change locale (zh_CN.UTF-8)\'',1457062217),(96,3,25,1,40,'\'\'',0,'NULL',1457062217),(97,3,25,1,53,'\'cd /data/deploy/repo/prod/godemo-20160304-113016  && /usr/bin/env git reset -q --hard\'',655,'\'\'',1457062218),(98,3,25,1,64,'\'\'',0,'NULL',1457062218),(99,3,25,1,78,'\'rsync -avzq --rsh=\"ssh -q -o UserKnownHostsFile=/dev/null -o StrictHostKeyChecking=no -p 22\"  /data/deploy/repo/prod/godemo-20160304-113016/ docker@qdu.cloudapp.net:/mnt/test/prod/godemo/godemo/20160304-113016\'',820,'\'bash: warning: setlocale: LC_ALL: cannot change locale (zh_CN.UTF-8)\'',1457062218),(100,3,25,1,100,'\'ssh  -T  -p 22 -q -o UserKnownHostsFile=/dev/null -o StrictHostKeyChecking=no docker@qdu.cloudapp.net \" ln -sfn /mnt/test/prod/godemo/godemo/20160304-113016 /mnt/test/prod/godemo/godemo/current-godemo.tmp && mv -fT /mnt/test/prod/godemo/godemo/current-godemo.tmp /mnt/www/prod/godemo \"\'',713,'\'qdu.cloudapp.net : bash: warning: setlocale: LC_ALL: cannot change locale (zh_CN.UTF-8)\'',1457062219),(101,3,27,1,24,'\'ssh  -T  -p 22 -q -o UserKnownHostsFile=/dev/null -o StrictHostKeyChecking=no docker@qdu.cloudapp.net \" mkdir -p /mnt/test/godemo/20160304-114723 \"\'',638,'\'qdu.cloudapp.net : bash: warning: setlocale: LC_ALL: cannot change locale (zh_CN.UTF-8)\'',1457063244),(102,3,27,1,40,'\'\'',0,'NULL',1457063244),(103,3,27,1,53,'\'cd /data/deploy/repo/test/godemo-20160304-114723  && /usr/bin/env git reset -q --hard ae464f0\'',1700,'\'\'',1457063245),(104,3,27,1,64,'\'\'',0,'NULL',1457063245),(105,3,27,1,78,'\'rsync -avzq --rsh=\"ssh -q -o UserKnownHostsFile=/dev/null -o StrictHostKeyChecking=no -p 22\"  /data/deploy/repo/test/godemo-20160304-114723/ docker@qdu.cloudapp.net:/mnt/test/godemo/20160304-114723\'',806,'\'bash: warning: setlocale: LC_ALL: cannot change locale (zh_CN.UTF-8)\'',1457063246),(106,3,27,1,100,'\'ssh  -T  -p 22 -q -o UserKnownHostsFile=/dev/null -o StrictHostKeyChecking=no docker@qdu.cloudapp.net \" source /etc/profile && cd /mnt/test/godemo/20160304-114723 && touch /mnt/t1/testing && ln -sfn /mnt/test/godemo/20160304-114723 /mnt/test/godemo/current-godemo.tmp && mv -fT /mnt/test/godemo/current-godemo.tmp /mnt/www/godemo && source /etc/profile && cd /mnt/test/godemo/20160304-114723 && touch /mnt/t1/testing111 \"\'',662,'\'qdu.cloudapp.net : bash: warning: setlocale: LC_ALL: cannot change locale (zh_CN.UTF-8)\'',1457063247),(107,3,28,1,100,'\'ssh  -T  -p 22 -q -o UserKnownHostsFile=/dev/null -o StrictHostKeyChecking=no docker@qdu.cloudapp.net \" ln -sfn /mnt/test/prod/godemo/godemo/20160304-113002 /mnt/test/prod/godemo/godemo/current-godemo.tmp && mv -fT /mnt/test/prod/godemo/godemo/current-godemo.tmp /mnt/www/prod/godemo \"\'',721,'\'qdu.cloudapp.net : bash: warning: setlocale: LC_ALL: cannot change locale (zh_CN.UTF-8)\'',1457067871),(108,1,30,1,24,'\'ssh  -T  -p 22 -q -o UserKnownHostsFile=/dev/null -o StrictHostKeyChecking=no docker@qdu.cloudapp.net \" mkdir -p /mnt/test/prod/godemo/godemo/20160304-141528 \"\'',660,'\'qdu.cloudapp.net : bash: warning: setlocale: LC_ALL: cannot change locale (zh_CN.UTF-8)\'',1457072128),(109,1,30,1,40,'\'\'',0,'NULL',1457072129),(110,1,30,1,53,'\'cd /data/deploy/repo/prod/godemo-20160304-141528  && /usr/bin/env git reset -q --hard\'',634,'\'\'',1457072129),(111,1,30,1,64,'\'\'',0,'NULL',1457072129),(112,1,30,1,78,'\'rsync -avzq --rsh=\"ssh -q -o UserKnownHostsFile=/dev/null -o StrictHostKeyChecking=no -p 22\"  /data/deploy/repo/prod/godemo-20160304-141528/ docker@qdu.cloudapp.net:/mnt/test/prod/godemo/godemo/20160304-141528\'',810,'\'bash: warning: setlocale: LC_ALL: cannot change locale (zh_CN.UTF-8)\'',1457072130),(113,1,30,1,100,'\'ssh  -T  -p 22 -q -o UserKnownHostsFile=/dev/null -o StrictHostKeyChecking=no docker@qdu.cloudapp.net \" ln -sfn /mnt/test/prod/godemo/godemo/20160304-141528 /mnt/test/prod/godemo/godemo/current-godemo.tmp && mv -fT /mnt/test/prod/godemo/godemo/current-godemo.tmp /mnt/www/prod/godemo \"\'',709,'\'qdu.cloudapp.net : bash: warning: setlocale: LC_ALL: cannot change locale (zh_CN.UTF-8)\'',1457072131),(114,1,31,1,24,'\'ssh  -T  -p 22 -q -o UserKnownHostsFile=/dev/null -o StrictHostKeyChecking=no docker@qdu.cloudapp.net \" mkdir -p /mnt/test/godemo/20160304-142024 \"\'',656,'\'qdu.cloudapp.net : bash: warning: setlocale: LC_ALL: cannot change locale (zh_CN.UTF-8)\'',1457072425),(115,1,31,1,40,'\'\'',0,'NULL',1457072425),(116,1,31,1,53,'\'cd /data/deploy/repo/test/godemo-20160304-142024  && /usr/bin/env git reset -q --hard 51b65b1\'',632,'\'\'',1457072425),(117,1,31,1,64,'\'\'',0,'NULL',1457072426),(118,1,31,1,78,'\'rsync -avzq --rsh=\"ssh -q -o UserKnownHostsFile=/dev/null -o StrictHostKeyChecking=no -p 22\"  /data/deploy/repo/test/godemo-20160304-142024/ docker@qdu.cloudapp.net:/mnt/test/godemo/20160304-142024\'',806,'\'bash: warning: setlocale: LC_ALL: cannot change locale (zh_CN.UTF-8)\'',1457072427),(119,1,31,1,100,'\'ssh  -T  -p 22 -q -o UserKnownHostsFile=/dev/null -o StrictHostKeyChecking=no docker@qdu.cloudapp.net \" source /etc/profile && cd /mnt/test/godemo/20160304-142024 && touch /mnt/t1/testing && ln -sfn /mnt/test/godemo/20160304-142024 /mnt/test/godemo/current-godemo.tmp && mv -fT /mnt/test/godemo/current-godemo.tmp /mnt/www/godemo && source /etc/profile && cd /mnt/test/godemo/20160304-142024 && touch /mnt/t1/testing111 \"\'',628,'\'qdu.cloudapp.net : bash: warning: setlocale: LC_ALL: cannot change locale (zh_CN.UTF-8)\'',1457072427),(120,9,32,1,24,'\'ssh  -T  -p 22 -q -o UserKnownHostsFile=/dev/null -o StrictHostKeyChecking=no docker@qdu.cloudapp.net \" mkdir -p /mnt/test/prod/godemo/godemo/20160304-145110 \"\'',3212,'\'qdu.cloudapp.net : bash: warning: setlocale: LC_ALL: cannot change locale (zh_CN.UTF-8)\'',1457074273),(121,9,32,1,40,'\'\'',0,'NULL',1457074273),(122,9,32,1,53,'\'cd /data/deploy/repo/prod/godemo-20160304-145110  && /usr/bin/env git reset -q --hard\'',631,'\'\'',1457074274),(123,9,32,1,64,'\'\'',0,'NULL',1457074274),(124,9,32,1,78,'\'rsync -avzq --rsh=\"ssh -q -o UserKnownHostsFile=/dev/null -o StrictHostKeyChecking=no -p 22\"  /data/deploy/repo/prod/godemo-20160304-145110/ docker@qdu.cloudapp.net:/mnt/test/prod/godemo/godemo/20160304-145110\'',706,'\'bash: warning: setlocale: LC_ALL: cannot change locale (zh_CN.UTF-8)\'',1457074275),(125,9,32,1,100,'\'ssh  -T  -p 22 -q -o UserKnownHostsFile=/dev/null -o StrictHostKeyChecking=no docker@qdu.cloudapp.net \" ln -sfn /mnt/test/prod/godemo/godemo/20160304-145110 /mnt/test/prod/godemo/godemo/current-godemo.tmp && mv -fT /mnt/test/prod/godemo/godemo/current-godemo.tmp /mnt/www/prod/godemo \"\'',618,'\'qdu.cloudapp.net : bash: warning: setlocale: LC_ALL: cannot change locale (zh_CN.UTF-8)\'',1457074275),(126,9,34,1,100,'\'ssh  -T  -p 22 -q -o UserKnownHostsFile=/dev/null -o StrictHostKeyChecking=no docker@qdu.cloudapp.net \" ln -sfn /mnt/test/prod/godemo/godemo/20160304-141528 /mnt/test/prod/godemo/godemo/current-godemo.tmp && mv -fT /mnt/test/prod/godemo/godemo/current-godemo.tmp /mnt/www/prod/godemo \"\'',682,'\'qdu.cloudapp.net : bash: warning: setlocale: LC_ALL: cannot change locale (zh_CN.UTF-8)\'',1457074464),(127,1,36,1,24,'\'ssh  -T  -p 22 -q -o UserKnownHostsFile=/dev/null -o StrictHostKeyChecking=no docker@qdu.cloudapp.net \" mkdir -p /mnt/test/prod/godemo/godemo/20160304-151650 \"\'',691,'\'qdu.cloudapp.net : bash: warning: setlocale: LC_ALL: cannot change locale (zh_CN.UTF-8)\'',1457075810),(128,1,36,1,40,'\'\'',0,'NULL',1457075810),(129,1,36,1,53,'\'cd /data/deploy/repo/prod/godemo-20160304-151650  && /usr/bin/env git reset -q --hard\'',633,'\'\'',1457075811),(130,1,36,1,64,'\'\'',0,'NULL',1457075811),(131,1,36,1,78,'\'rsync -avzq --rsh=\"ssh -q -o UserKnownHostsFile=/dev/null -o StrictHostKeyChecking=no -p 22\"  /data/deploy/repo/prod/godemo-20160304-151650/ docker@qdu.cloudapp.net:/mnt/test/prod/godemo/godemo/20160304-151650\'',670,'\'bash: warning: setlocale: LC_ALL: cannot change locale (zh_CN.UTF-8)\'',1457075812),(132,1,36,1,100,'\'ssh  -T  -p 22 -q -o UserKnownHostsFile=/dev/null -o StrictHostKeyChecking=no docker@qdu.cloudapp.net \" ln -sfn /mnt/test/prod/godemo/godemo/20160304-151650 /mnt/test/prod/godemo/godemo/current-godemo.tmp && mv -fT /mnt/test/prod/godemo/godemo/current-godemo.tmp /mnt/www/prod/godemo \"\'',754,'\'qdu.cloudapp.net : bash: warning: setlocale: LC_ALL: cannot change locale (zh_CN.UTF-8)\'',1457075812),(133,1,38,1,24,'\'ssh  -T  -p 22 -q -o UserKnownHostsFile=/dev/null -o StrictHostKeyChecking=no docker@qdu.cloudapp.net \" mkdir -p /mnt/test/prod/godemo/godemo/20160304-155359 \"\'',647,'\'qdu.cloudapp.net : bash: warning: setlocale: LC_ALL: cannot change locale (zh_CN.UTF-8)\'',1457078040),(134,1,38,1,40,'\'\'',0,'NULL',1457078040),(135,1,38,1,53,'\'cd /data/deploy/repo/prod/godemo-20160304-155359  && /usr/bin/env git reset -q --hard\'',639,'\'\'',1457078041),(136,1,38,1,64,'\'\'',0,'NULL',1457078041),(137,1,38,1,78,'\'rsync -avzq --rsh=\"ssh -q -o UserKnownHostsFile=/dev/null -o StrictHostKeyChecking=no -p 22\"  /data/deploy/repo/prod/godemo-20160304-155359/ docker@qdu.cloudapp.net:/mnt/test/prod/godemo/godemo/20160304-155359\'',699,'\'bash: warning: setlocale: LC_ALL: cannot change locale (zh_CN.UTF-8)\'',1457078041),(138,1,38,1,100,'\'ssh  -T  -p 22 -q -o UserKnownHostsFile=/dev/null -o StrictHostKeyChecking=no docker@qdu.cloudapp.net \" ln -sfn /mnt/test/prod/godemo/godemo/20160304-155359 /mnt/test/prod/godemo/godemo/current-godemo.tmp && mv -fT /mnt/test/prod/godemo/godemo/current-godemo.tmp /mnt/www/prod/godemo \"\'',731,'\'qdu.cloudapp.net : bash: warning: setlocale: LC_ALL: cannot change locale (zh_CN.UTF-8)\'',1457078042),(139,3,40,1,24,'\'ssh  -T  -p 22 -q -o UserKnownHostsFile=/dev/null -o StrictHostKeyChecking=no docker@qdu.cloudapp.net \" mkdir -p /mnt/test/prod/godemo/godemo/20160304-160650 \"\'',837,'\'qdu.cloudapp.net : bash: warning: setlocale: LC_ALL: cannot change locale (zh_CN.UTF-8)\'',1457078811),(140,3,40,1,40,'\'\'',0,'NULL',1457078811),(141,3,40,1,53,'\'cd /data/deploy/repo/prod/godemo-20160304-160650  && /usr/bin/env git reset -q --hard\'',634,'\'\'',1457078811),(142,3,40,1,64,'\'\'',0,'NULL',1457078811),(143,3,40,1,78,'\'rsync -avzq --rsh=\"ssh -q -o UserKnownHostsFile=/dev/null -o StrictHostKeyChecking=no -p 22\"  /data/deploy/repo/prod/godemo-20160304-160650/ docker@qdu.cloudapp.net:/mnt/test/prod/godemo/godemo/20160304-160650\'',784,'\'bash: warning: setlocale: LC_ALL: cannot change locale (zh_CN.UTF-8)\'',1457078812),(144,3,40,1,100,'\'ssh  -T  -p 22 -q -o UserKnownHostsFile=/dev/null -o StrictHostKeyChecking=no docker@qdu.cloudapp.net \" ln -sfn /mnt/test/prod/godemo/godemo/20160304-160650 /mnt/test/prod/godemo/godemo/current-godemo.tmp && mv -fT /mnt/test/prod/godemo/godemo/current-godemo.tmp /mnt/www/prod/godemo \"\'',619,'\'qdu.cloudapp.net : bash: warning: setlocale: LC_ALL: cannot change locale (zh_CN.UTF-8)\'',1457078813),(145,1,41,1,24,'\'ssh  -T  -p 22 -q -o UserKnownHostsFile=/dev/null -o StrictHostKeyChecking=no docker@qdu.cloudapp.net \" mkdir -p /mnt/test/prod/godemo/godemo/20160304-172928 \"\'',919,'\'qdu.cloudapp.net : bash: warning: setlocale: LC_ALL: cannot change locale (zh_CN.UTF-8)\'',1457083769),(146,1,41,1,40,'\'\'',0,'NULL',1457083769),(147,1,41,1,53,'\'cd /data/deploy/repo/prod/godemo-20160304-172928  && /usr/bin/env git reset -q --hard\'',808,'\'\'',1457083770),(148,1,41,1,64,'\'\'',0,'NULL',1457083770),(149,1,41,1,78,'\'rsync -avzq --rsh=\"ssh -q -o UserKnownHostsFile=/dev/null -o StrictHostKeyChecking=no -p 22\"  /data/deploy/repo/prod/godemo-20160304-172928/ docker@qdu.cloudapp.net:/mnt/test/prod/godemo/godemo/20160304-172928\'',678,'\'bash: warning: setlocale: LC_ALL: cannot change locale (zh_CN.UTF-8)\'',1457083770),(150,1,41,1,100,'\'ssh  -T  -p 22 -q -o UserKnownHostsFile=/dev/null -o StrictHostKeyChecking=no docker@qdu.cloudapp.net \" ln -sfn /mnt/test/prod/godemo/godemo/20160304-172928 /mnt/test/prod/godemo/godemo/current-godemo.tmp && mv -fT /mnt/test/prod/godemo/godemo/current-godemo.tmp /mnt/www/prod/godemo \"\'',768,'\'qdu.cloudapp.net : bash: warning: setlocale: LC_ALL: cannot change locale (zh_CN.UTF-8)\'',1457083771),(162,3,42,1,24,'\'ssh  -T  -p 22 -q -o UserKnownHostsFile=/dev/null -o StrictHostKeyChecking=no docker@qdu.cloudapp.net \" mkdir -p /mnt/www/deepshare2/deepshare2/20160304-190527 \"\'',876,'\'qdu.cloudapp.net : bash: warning: setlocale: LC_ALL: cannot change locale (zh_CN.UTF-8)\'',1457089528),(163,3,42,1,40,'\'\'',0,'NULL',1457089528),(164,3,42,1,53,'\'cd /data/deploy/repo/prod/deepshare2/test/deepshare2-20160304-190527  && /usr/bin/env git reset -q --hard 0d739ee\'',3471,'\'\'',1457089531),(165,3,42,1,64,'\'\'',0,'NULL',1457089531),(166,3,42,1,78,'\'rsync -avzq --rsh=\"ssh -q -o UserKnownHostsFile=/dev/null -o StrictHostKeyChecking=no -p 22\"  /data/deploy/repo/prod/deepshare2/test/deepshare2-20160304-190527/ docker@qdu.cloudapp.net:/mnt/www/deepshare2/deepshare2/20160304-190527\'',1441,'\'bash: warning: setlocale: LC_ALL: cannot change locale (zh_CN.UTF-8)\'',1457089533),(167,3,42,1,100,'\'ssh  -T  -p 22 -q -o UserKnownHostsFile=/dev/null -o StrictHostKeyChecking=no docker@qdu.cloudapp.net \" ln -sfn /mnt/www/deepshare2/deepshare2/20160304-190527 /mnt/www/deepshare2/deepshare2/current-deepshare2.tmp && mv -fT /mnt/www/deepshare2/deepshare2/current-deepshare2.tmp /mnt/test/deepshare2 && source /etc/profile && cd /mnt/www/deepshare2/deepshare2/20160304-190527 && bash /mnt/test/deepshare2_image_build.sh \"\'',144410,'\'qdu.cloudapp.net : bash: warning: setlocale: LC_ALL: cannot change locale (zh_CN.UTF-8)\nbash: warning: setlocale: LC_ALL: cannot change locale (zh_CN.UTF-8)\nSending build context to Docker daemon 557.1 kB\rSending build context to Docker daemon 1.114 MB\rSending build context to Docker daemon 1.671 MB\rSending build context to Docker daemon 2.228 MB\rSending build context to Docker daemon 2.785 MB\rSending build context to Docker daemon 3.342 MB\rSending build context to Docker daemon 3.899 MB\rSending build context to Docker daemon 4.456 MB\rSending build context to Docker daemon 5.014 MB\rSending build context to Docker daemon 5.558 MB\rSending build context to Docker daemon 6.083 MB\rSending build context to Docker daemon 6.619 MB\rSending build context to Docker daemon 7.143 MB\rSending build context to Docker daemon 7.671 MB\rSending build context to Docker daemon 8.225 MB\rSending build context to Docker daemon 8.753 MB\rSending build context to Docker daemon 8.965 MB\rSending build context to Docker daemon 8.965 MB\nStep 1 : FROM r.fds.so:5000/golang1.5.3\n ---> abbbd1c355d9\nStep 2 : RUN apt-get update && apt-get install -y --no-install-recommends vim\n ---> Using cache\n ---> 30d29ccde4e8\nStep 3 : ADD . /go/src/github.com/MISingularity/deepshare2\n ---> 324abf2b5ecd\nRemoving intermediate container 73c9baeba00b\nStep 4 : WORKDIR /go/src/github.com/MISingularity/deepshare2\n ---> Running in bf22594b838f\n ---> c5fdc69071c6\nRemoving intermediate container bf22594b838f\nStep 5 : RUN go get -v -d ./...\n ---> Running in ef5516c03645\n[91mgithub.com/MISingularity/uap-go (download)\n[0m[91mFetching https://gopkg.in/yaml.v2?go-get=1\n[0m[91mParsing meta tags from https://gopkg.in/yaml.v2?go-get=1 (status code 200)\nget \"gopkg.in/yaml.v2\": found meta tag main.metaImport{Prefix:\"gopkg.in/yaml.v2\", VCS:\"git\", RepoRoot:\"https://gopkg.in/yaml.v2\"} at https://gopkg.in/yaml.v2?go-get=1\ngopkg.in/yaml.v2 (download)\n[0m[91mgithub.com/nsqio/go-nsq (download)\n[0m[91mgithub.com/mreiferson/go-snappystream (download)\n[0m[91mFetching https://gopkg.in/redis.v3?go-get=1\n[0m[91mParsing meta tags from https://gopkg.in/redis.v3?go-get=1 (status code 200)\n[0m[91mget \"gopkg.in/redis.v3\": found meta tag main.metaImport{Prefix:\"gopkg.in/redis.v3\", VCS:\"git\", RepoRoot:\"https://gopkg.in/redis.v3\"} at https://gopkg.in/redis.v3?go-get=1\n[0m[91mgopkg.in/redis.v3 (download)\n[0m[91mFetching https://gopkg.in/bsm/ratelimit.v1?go-get=1\n[0m[91mParsing meta tags from https://gopkg.in/bsm/ratelimit.v1?go-get=1 (status code 200)\n[0m[91mget \"gopkg.in/bsm/ratelimit.v1\": found meta tag main.metaImport{Prefix:\"gopkg.in/bsm/ratelimit.v1\", VCS:\"git\", RepoRoot:\"https://gopkg.in/bsm/ratelimit.v1\"} at https://gopkg.in/bsm/ratelimit.v1?go-get=1\n[0m[91mgopkg.in/bsm/ratelimit.v1 (download)\n[0m[91mgithub.com/prometheus/client_golang (download)\n[0m[91mgithub.com/beorn7/perks (download)\n[0m[91mgithub.com/golang/protobuf (download)\n[0m[91mgithub.com/prometheus/client_model (download)\n[0m[91mgithub.com/prometheus/common (download)\n[0m[91mgithub.com/matttproud/golang_protobuf_extensions (download)\n[0m[91mgithub.com/prometheus/procfs (download)\n[0m[91mFetching https://golang.org/x/net/context?go-get=1\n[0m[91mParsing meta tags from https://golang.org/x/net/context?go-get=1 (status code 200)\nget \"golang.org/x/net/context\": found meta tag main.metaImport{Prefix:\"golang.org/x/net\", VCS:\"git\", RepoRoot:\"https://go.googlesource.com/net\"} at https://golang.org/x/net/context?go-get=1\nget \"golang.org/x/net/context\": verifying non-authoritative meta tag\nFetching https://golang.org/x/net?go-get=1\n[0m[91mParsing meta tags from https://golang.org/x/net?go-get=1 (status code 200)\n[0m[91mgolang.org/x/net (download)\n[0m[91mgithub.com/rs/cors (download)\n[0m[91mgithub.com/rs/xhandler (download)\n[0m[91mFetching https://gopkg.in/mgo.v2?go-get=1\n[0m[91mParsing meta tags from https://gopkg.in/mgo.v2?go-get=1 (status code 200)\n[0m[91mget \"gopkg.in/mgo.v2\": found meta tag main.metaImport{Prefix:\"gopkg.in/mgo.v2\", VCS:\"git\", RepoRoot:\"https://gopkg.in/mgo.v2\"} at https://gopkg.in/mgo.v2?go-get=1\ngopkg.in/mgo.v2 (download)\n[0m[91mFetching https://gopkg.in/mgo.v2/bson?go-get=1\n[0m[91mParsing meta tags from https://gopkg.in/mgo.v2/bson?go-get=1 (status code 200)\nget \"gopkg.in/mgo.v2/bson\": found meta tag main.metaImport{Prefix:\"gopkg.in/mgo.v2\", VCS:\"git\", RepoRoot:\"https://gopkg.in/mgo.v2\"} at https://gopkg.in/mgo.v2/bson?go-get=1\nget \"gopkg.in/mgo.v2/bson\": verifying non-authoritative meta tag\nFetching https://gopkg.in/mgo.v2?go-get=1\n[0m[91mParsing meta tags from https://gopkg.in/mgo.v2?go-get=1 (status code 200)\n[0m[91mgithub.com/boltdb/bolt (download)\n[0m ---> 2c9be581aa6a\nRemoving intermediate container ef5516c03645\nStep 6 : RUN go build -o deepshare2d /go/src/github.com/MISingularity/deepshare2/cmd/deepshared/main.go\n ---> Running in cb37faab5267\n ---> 8523380276cb\nRemoving intermediate container cb37faab5267\nStep 7 : CMD /go/src/github.com/MISingularity/deepshare2/deepshare2d\n ---> Running in 0b63f6942559\n ---> 89f36aee489b\nRemoving intermediate container 0b63f6942559\nStep 8 : EXPOSE 8080\n ---> Running in 878b2f56ec27\n ---> 2191638f6ea0\nRemoving intermediate container 878b2f56ec27\nSuccessfully built 2191638f6ea0\nThe push refers to a repository [r.fds.so:5000/deepshare2-test] (len: 1)\npush or pull r.fds.so:5000/deepshare2-test is already in progress\nCreated deepshare2-dsaction-a62b013d4a8d46bc986be452e0fe4927\nScaling up deepshare2-dsaction-a62b013d4a8d46bc986be452e0fe4927 from 0 to 1, scaling down deepshare2-dsaction from 1 to 0 (keep 1 pods available, don\\\'t exceed 2 pods)\nScaling deepshare2-dsaction-a62b013d4a8d46bc986be452e0fe4927 up to 1\nCreated deepshare2-match-8865a1f0e6366531258c1823c0f57744\nScaling up deepshare2-match-8865a1f0e6366531258c1823c0f57744 from 0 to 1, scaling down deepshare2-match from 1 to 0 (keep 1 pods available, don\\\'t exceed 2 pods)\nScaling deepshare2-match-8865a1f0e6366531258c1823c0f57744 up to 1\nCreated deepshare2-counter-0a218990003018d1a58d3b2e3bce6e88\nScaling up deepshare2-counter-0a218990003018d1a58d3b2e3bce6e88 from 0 to 1, scaling down deepshare2-counter from 1 to 0 (keep 1 pods available, don\\\'t exceed 2 pods)\nScaling deepshare2-counter-0a218990003018d1a58d3b2e3bce6e88 up to 1\nCreated deepshare2-bind-5994b7e87fbc5c6dc702dcefbe0cf034\nScaling up deepshare2-bind-5994b7e87fbc5c6dc702dcefbe0cf034 from 0 to 1, scaling down deepshare2-bind from 1 to 0 (keep 1 pods available, don\\\'t exceed 2 pods)\nScaling deepshare2-bind-5994b7e87fbc5c6dc702dcefbe0cf034 up to 1\nCreated deepshare2-cookie-4b2834fbbd6fdd5c94b006dfe514a39b\nScaling up deepshare2-cookie-4b2834fbbd6fdd5c94b006dfe514a39b from 0 to 1, scaling down deepshare2-cookie from 1 to 0 (keep 1 pods available, don\\\'t exceed 2 pods)\nScaling deepshare2-cookie-4b2834fbbd6fdd5c94b006dfe514a39b up to 1\nCreated deepshare2-inappdata-85c8fbfd3bb6129b67bcdc1401bdcd1f\nScaling up deepshare2-inappdata-85c8fbfd3bb6129b67bcdc1401bdcd1f from 0 to 1, scaling down deepshare2-inappdata from 1 to 0 (keep 1 pods available, don\\\'t exceed 2 pods)\nScaling deepshare2-inappdata-85c8fbfd3bb6129b67bcdc1401bdcd1f up to 1\nCreated deepshare2-dsusage-41b219fb1136bada81a86816f2179c8b\nScaling up deepshare2-dsusage-41b219fb1136bada81a86816f2179c8b from 0 to 1, scaling down deepshare2-dsusage from 1 to 0 (keep 1 pods available, don\\\'t exceed 2 pods)\nScaling deepshare2-dsusage-41b219fb1136bada81a86816f2179c8b up to 1\nCreated deepshare2-appinfo-d3ba6ca25c22c8b3feb03e3ff9ce5830\nScaling up deepshare2-appinfo-d3ba6ca25c22c8b3feb03e3ff9ce5830 from 0 to 1, scaling down deepshare2-appinfo from 1 to 0 (keep 1 pods available, don\\\'t exceed 2 pods)\nScaling deepshare2-appinfo-d3ba6ca25c22c8b3feb03e3ff9ce5830 up to 1\nCreated deepshare2-genurl-5657d58e27dd9fb5d3cf23b70c16c1d8\nScaling up deepshare2-genurl-5657d58e27dd9fb5d3cf23b70c16c1d8 from 0 to 1, scaling down deepshare2-genurl from 1 to 0 (keep 1 pods available, don\\\'t exceed 2 pods)\nScaling deepshare2-genurl-5657d58e27dd9fb5d3cf23b70c16c1d8 up to 1\nCreated deepshare2-sharelink-71ac8c624bd0e433c9a378d4d73bb1a8\nScaling up deepshare2-sharelink-71ac8c624bd0e433c9a378d4d73bb1a8 from 0 to 1, scaling down deepshare2-sharelink from 1 to 0 (keep 1 pods available, don\\\'t exceed 2 pods)\nScaling deepshare2-sharelink-71ac8c624bd0e433c9a378d4d73bb1a8 up to 1\nScaling deepshare2-match down to 0\nScaling deepshare2-dsaction down to 0\nScaling deepshare2-bind down to 0\nScaling deepshare2-cookie down to 0\nScaling deepshare2-counter down to 0\nScaling deepshare2-inappdata down to 0\nScaling deepshare2-genurl down to 0\nScaling deepshare2-dsusage down to 0\nScaling deepshare2-appinfo down to 0\nScaling deepshare2-sharelink down to 0\nUpdate succeeded. Deleting old controller: deepshare2-match\nRenaming deepshare2-match-8865a1f0e6366531258c1823c0f57744 to deepshare2-match\nUpdate succeeded. Deleting old controller: deepshare2-dsaction\nUpdate succeeded. Deleting old controller: deepshare2-counter\nreplicationcontroller \"deepshare2-match\" rolling updated\nUpdate succeeded. Deleting old controller: deepshare2-cookie\nUpdate succeeded. Deleting old controller: deepshare2-inappdata\nUpdate succeeded. Deleting old controller: deepshare2-bind\nUpdate succeeded. Deleting old controller: deepshare2-dsusage\nRenaming deepshare2-dsaction-a62b013d4a8d46bc986be452e0fe4927 to deepshare2-dsaction\nRenaming deepshare2-cookie-4b2834fbbd6fdd5c94b006dfe514a39b to deepshare2-cookie\nRenaming deepshare2-inappdata-85c8fbfd3bb6129b67bcdc1401bdcd1f to deepshare2-inappdata\nRenaming deepshare2-bind-5994b7e87fbc5c6dc702dcefbe0cf034 to deepshare2-bind\nRenaming deepshare2-counter-0a218990003018d1a58d3b2e3bce6e88 to deepshare2-counter\nRenaming deepshare2-dsusage-41b219fb1136bada81a86816f2179c8b to deepshare2-dsusage\nUpdate succeeded. Deleting old controller: deepshare2-appinfo\nRenaming deepshare2-appinfo-d3ba6ca25c22c8b3feb03e3ff9ce5830 to deepshare2-appinfo\nUpdate succeeded. Deleting old controller: deepshare2-genurl\nUpdate succeeded. Deleting old controller: deepshare2-sharelink\nreplicationcontroller \"deepshare2-counter\" rolling updated\nreplicationcontroller \"deepshare2-dsusage\" rolling updated\nreplicationcontroller \"deepshare2-inappdata\" rolling updated\nreplicationcontroller \"deepshare2-bind\" rolling updated\nreplicationcontroller \"deepshare2-cookie\" rolling updated\nreplicationcontroller \"deepshare2-dsaction\" rolling updated\nRenaming deepshare2-sharelink-71ac8c624bd0e433c9a378d4d73bb1a8 to deepshare2-sharelink\nRenaming deepshare2-genurl-5657d58e27dd9fb5d3cf23b70c16c1d8 to deepshare2-genurl\nreplicationcontroller \"deepshare2-appinfo\" rolling updated\nreplicationcontroller \"deepshare2-genurl\" rolling updated\nreplicationcontroller \"deepshare2-sharelink\" rolling updated\'',1457089677),(168,3,42,1,100,'\'ssh  -T  -p 22 -q -o UserKnownHostsFile=/dev/null -o StrictHostKeyChecking=no docker@qdu.cloudapp.net \" source /etc/profile && cd /mnt/www/deepshare2/deepshare2/20160304-190421 && bash /mnt/test/deepshare2_image_build.sh && ln -sfn /mnt/www/deepshare2/deepshare2/20160304-190421 /mnt/www/deepshare2/deepshare2/current-deepshare2.tmp && mv -fT /mnt/www/deepshare2/deepshare2/current-deepshare2.tmp /mnt/test/deepshare2 \"\'',482806,'\'qdu.cloudapp.net : bash: warning: setlocale: LC_ALL: cannot change locale (zh_CN.UTF-8)\nbash: warning: setlocale: LC_ALL: cannot change locale (zh_CN.UTF-8)\n/mnt/test/deepshare2_image_build.sh: line 10: cd: /mnt/test/deepshare2/: No such file or directory\nSending build context to Docker daemon 557.1 kB\rSending build context to Docker daemon 1.114 MB\rSending build context to Docker daemon 1.671 MB\rSending build context to Docker daemon 2.228 MB\rSending build context to Docker daemon 2.785 MB\rSending build context to Docker daemon 3.342 MB\rSending build context to Docker daemon 3.899 MB\rSending build context to Docker daemon 4.456 MB\rSending build context to Docker daemon 5.014 MB\rSending build context to Docker daemon 5.558 MB\rSending build context to Docker daemon 6.083 MB\rSending build context to Docker daemon 6.619 MB\rSending build context to Docker daemon 7.143 MB\rSending build context to Docker daemon 7.671 MB\rSending build context to Docker daemon 8.225 MB\rSending build context to Docker daemon 8.753 MB\rSending build context to Docker daemon 8.965 MB\rSending build context to Docker daemon 8.965 MB\nStep 1 : FROM r.fds.so:5000/golang1.5.3\n ---> abbbd1c355d9\nStep 2 : RUN apt-get update && apt-get install -y --no-install-recommends vim\n ---> Using cache\n ---> 30d29ccde4e8\nStep 3 : ADD . /go/src/github.com/MISingularity/deepshare2\n ---> 2cbed91db722\nRemoving intermediate container 76e08dfe392f\nStep 4 : WORKDIR /go/src/github.com/MISingularity/deepshare2\n ---> Running in 2f5e4e02a2ce\n ---> 2e6e49ef439b\nRemoving intermediate container 2f5e4e02a2ce\nStep 5 : RUN go get -v -d ./...\n ---> Running in b1744825e332\n[91mgithub.com/MISingularity/uap-go (download)\n[0m[91mFetching https://gopkg.in/yaml.v2?go-get=1\n[0m[91mParsing meta tags from https://gopkg.in/yaml.v2?go-get=1 (status code 200)\n[0m[91mget \"gopkg.in/yaml.v2\": found meta tag main.metaImport{Prefix:\"gopkg.in/yaml.v2\", VCS:\"git\", RepoRoot:\"https://gopkg.in/yaml.v2\"} at https://gopkg.in/yaml.v2?go-get=1\n[0m[91mgopkg.in/yaml.v2 (download)\n[0m[91mgithub.com/nsqio/go-nsq (download)\n[0m[91mgithub.com/mreiferson/go-snappystream (download)\n[0m[91mFetching https://gopkg.in/redis.v3?go-get=1\n[0m[91mParsing meta tags from https://gopkg.in/redis.v3?go-get=1 (status code 200)\n[0m[91mget \"gopkg.in/redis.v3\": found meta tag main.metaImport{Prefix:\"gopkg.in/redis.v3\", VCS:\"git\", RepoRoot:\"https://gopkg.in/redis.v3\"} at https://gopkg.in/redis.v3?go-get=1\n[0m[91mgopkg.in/redis.v3 (download)\n[0m[91mFetching https://gopkg.in/bsm/ratelimit.v1?go-get=1\n[0m[91mParsing meta tags from https://gopkg.in/bsm/ratelimit.v1?go-get=1 (status code 200)\n[0m[91mget \"gopkg.in/bsm/ratelimit.v1\": found meta tag main.metaImport{Prefix:\"gopkg.in/bsm/ratelimit.v1\", VCS:\"git\", RepoRoot:\"https://gopkg.in/bsm/ratelimit.v1\"} at https://gopkg.in/bsm/ratelimit.v1?go-get=1\n[0m[91mgopkg.in/bsm/ratelimit.v1 (download)\n[0m[91mgithub.com/prometheus/client_golang (download)\n[0m[91mgithub.com/beorn7/perks (download)\n[0m[91mgithub.com/golang/protobuf (download)\n[0m[91mgithub.com/prometheus/client_model (download)\n[0m[91mgithub.com/prometheus/common (download)\n[0m[91mgithub.com/matttproud/golang_protobuf_extensions (download)\n[0m[91mgithub.com/prometheus/procfs (download)\n[0m[91mFetching https://golang.org/x/net/context?go-get=1\n[0m[91mParsing meta tags from https://golang.org/x/net/context?go-get=1 (status code 200)\n[0m[91mget \"golang.org/x/net/context\": found meta tag main.metaImport{Prefix:\"golang.org/x/net\", VCS:\"git\", RepoRoot:\"https://go.googlesource.com/net\"} at https://golang.org/x/net/context?go-get=1\n[0m[91mget \"golang.org/x/net/context\": verifying non-authoritative meta tag\n[0m[91mFetching https://golang.org/x/net?go-get=1\n[0m[91mParsing meta tags from https://golang.org/x/net?go-get=1 (status code 200)\n[0m[91mgolang.org/x/net (download)\n[0m[91mgithub.com/rs/cors (download)\n[0m[91mgithub.com/rs/xhandler (download)\n[0m[91mFetching https://gopkg.in/mgo.v2?go-get=1\n[0m[91mParsing meta tags from https://gopkg.in/mgo.v2?go-get=1 (status code 200)\n[0m[91mget \"gopkg.in/mgo.v2\": found meta tag main.metaImport{Prefix:\"gopkg.in/mgo.v2\", VCS:\"git\", RepoRoot:\"https://gopkg.in/mgo.v2\"} at https://gopkg.in/mgo.v2?go-get=1\n[0m[91mgopkg.in/mgo.v2 (download)\n[0m[91mFetching https://gopkg.in/mgo.v2/bson?go-get=1\n[0m[91mParsing meta tags from https://gopkg.in/mgo.v2/bson?go-get=1 (status code 200)\n[0m[91mget \"gopkg.in/mgo.v2/bson\": found meta tag main.metaImport{Prefix:\"gopkg.in/mgo.v2\", VCS:\"git\", RepoRoot:\"https://gopkg.in/mgo.v2\"} at https://gopkg.in/mgo.v2/bson?go-get=1\n[0m[91mget \"gopkg.in/mgo.v2/bson\": verifying non-authoritative meta tag\n[0m[91mFetching https://gopkg.in/mgo.v2?go-get=1\n[0m[91mParsing meta tags from https://gopkg.in/mgo.v2?go-get=1 (status code 200)\n[0m[91mgithub.com/boltdb/bolt (download)\n[0m ---> 6695ed35c779\nRemoving intermediate container b1744825e332\nStep 6 : RUN go build -o deepshare2d /go/src/github.com/MISingularity/deepshare2/cmd/deepshared/main.go\n ---> Running in ae76aafee679\n ---> ee8f749c5f12\nRemoving intermediate container ae76aafee679\nStep 7 : CMD /go/src/github.com/MISingularity/deepshare2/deepshare2d\n ---> Running in 0a33cbf2514e\n ---> 03c593132927\nRemoving intermediate container 0a33cbf2514e\nStep 8 : EXPOSE 8080\n ---> Running in 206aa438cfa1\n ---> d12454af3019\nRemoving intermediate container 206aa438cfa1\nSuccessfully built d12454af3019\nThe push refers to a repository [r.fds.so:5000/deepshare2-test] (len: 1)\nd12454af3019: Preparing\nd12454af3019: Pushing\nd12454af3019: Pushed\n03c593132927: Preparing\n03c593132927: Pushing\n03c593132927: Pushed\nee8f749c5f12: Preparing\nee8f749c5f12: Pushing\nee8f749c5f12: Pushed\n6695ed35c779: Preparing\n6695ed35c779: Pushing\n6695ed35c779: Pushed\n2e6e49ef439b: Preparing\n2e6e49ef439b: Pushing\n2e6e49ef439b: Pushed\n2cbed91db722: Preparing\n2cbed91db722: Pushing\n2cbed91db722: Pushed\n30d29ccde4e8: Image already exists\n9f50c49eb0f2: Image already exists\nbcde7645aea4: Image already exists\ne24428725dd6: Image already exists\n1796d1c62d0c: Image already exists\n0bf056161913: Image already exists\n201603041104: digest: sha256:1c9672341ce6820d7574f9b22b433e067903a2e8e873ad4f3e7c2ddf75815724 size: 35168\nFound existing update in progress (deepshare2-sharelink-71ac8c624bd0e433c9a378d4d73bb1a8), resuming.\nFound existing update in progress (deepshare2-counter-0a218990003018d1a58d3b2e3bce6e88), resuming.\nFound existing update in progress (deepshare2-cookie-4b2834fbbd6fdd5c94b006dfe514a39b), resuming.\nFound existing update in progress (deepshare2-appinfo-d3ba6ca25c22c8b3feb03e3ff9ce5830), resuming.\nFound existing update in progress (deepshare2-bind-5994b7e87fbc5c6dc702dcefbe0cf034), resuming.\nFound existing update in progress (deepshare2-dsaction-a62b013d4a8d46bc986be452e0fe4927), resuming.\nFound existing update in progress (deepshare2-dsusage-41b219fb1136bada81a86816f2179c8b), resuming.\nFound existing update in progress (deepshare2-inappdata-85c8fbfd3bb6129b67bcdc1401bdcd1f), resuming.\nFound existing update in progress (deepshare2-match-8865a1f0e6366531258c1823c0f57744), resuming.\nFound existing update in progress (deepshare2-genurl-5657d58e27dd9fb5d3cf23b70c16c1d8), resuming.\nContinuing update with existing controller deepshare2-sharelink-71ac8c624bd0e433c9a378d4d73bb1a8.\nScaling up deepshare2-sharelink-71ac8c624bd0e433c9a378d4d73bb1a8 from 1 to 1, scaling down deepshare2-sharelink from 1 to 0 (keep 1 pods available, don\\\'t exceed 2 pods)\nContinuing update with existing controller deepshare2-counter-0a218990003018d1a58d3b2e3bce6e88.\nScaling up deepshare2-counter-0a218990003018d1a58d3b2e3bce6e88 from 1 to 1, scaling down deepshare2-counter from 1 to 0 (keep 1 pods available, don\\\'t exceed 2 pods)\nContinuing update with existing controller deepshare2-dsusage-41b219fb1136bada81a86816f2179c8b.\nScaling up deepshare2-dsusage-41b219fb1136bada81a86816f2179c8b from 1 to 1, scaling down deepshare2-dsusage from 1 to 0 (keep 1 pods available, don\\\'t exceed 2 pods)\nContinuing update with existing controller deepshare2-cookie-4b2834fbbd6fdd5c94b006dfe514a39b.\nScaling up deepshare2-cookie-4b2834fbbd6fdd5c94b006dfe514a39b from 1 to 1, scaling down deepshare2-cookie from 1 to 0 (keep 1 pods available, don\\\'t exceed 2 pods)\nContinuing update with existing controller deepshare2-appinfo-d3ba6ca25c22c8b3feb03e3ff9ce5830.\nScaling up deepshare2-appinfo-d3ba6ca25c22c8b3feb03e3ff9ce5830 from 1 to 1, scaling down deepshare2-appinfo from 1 to 0 (keep 1 pods available, don\\\'t exceed 2 pods)\nContinuing update with existing controller deepshare2-match-8865a1f0e6366531258c1823c0f57744.\nScaling up deepshare2-match-8865a1f0e6366531258c1823c0f57744 from 1 to 1, scaling down deepshare2-match from 1 to 0 (keep 1 pods available, don\\\'t exceed 2 pods)\nContinuing update with existing controller deepshare2-bind-5994b7e87fbc5c6dc702dcefbe0cf034.\nScaling up deepshare2-bind-5994b7e87fbc5c6dc702dcefbe0cf034 from 1 to 1, scaling down deepshare2-bind from 1 to 0 (keep 1 pods available, don\\\'t exceed 2 pods)\nContinuing update with existing controller deepshare2-genurl-5657d58e27dd9fb5d3cf23b70c16c1d8.\nScaling up deepshare2-genurl-5657d58e27dd9fb5d3cf23b70c16c1d8 from 1 to 1, scaling down deepshare2-genurl from 1 to 0 (keep 1 pods available, don\\\'t exceed 2 pods)\nContinuing update with existing controller deepshare2-dsaction-a62b013d4a8d46bc986be452e0fe4927.\nScaling up deepshare2-dsaction-a62b013d4a8d46bc986be452e0fe4927 from 1 to 1, scaling down deepshare2-dsaction from 1 to 0 (keep 1 pods available, don\\\'t exceed 2 pods)\nContinuing update with existing controller deepshare2-inappdata-85c8fbfd3bb6129b67bcdc1401bdcd1f.\nScaling up deepshare2-inappdata-85c8fbfd3bb6129b67bcdc1401bdcd1f from 1 to 1, scaling down deepshare2-inappdata from 1 to 0 (keep 1 pods available, don\\\'t exceed 2 pods)\'',1457089949),(169,1,44,1,24,'\'ssh  -T  -p 22 -q -o UserKnownHostsFile=/dev/null -o StrictHostKeyChecking=no docker@qdu.cloudapp.net \" mkdir -p /mnt/test/godemo/20160307-104608 \"\'',817,'\'qdu.cloudapp.net : bash: warning: setlocale: LC_ALL: cannot change locale (zh_CN.UTF-8)\'',1457318769),(170,1,44,1,40,'\'\'',0,'NULL',1457318769),(171,1,44,1,53,'\'cd /data/deploy/repo/test/godemo-20160307-104608  && /usr/bin/env git reset -q --hard 3650e2e\'',653,'\'\'',1457318770),(172,1,44,1,64,'\'\'',0,'NULL',1457318770),(173,1,44,1,78,'\'rsync -avzq --rsh=\"ssh -q -o UserKnownHostsFile=/dev/null -o StrictHostKeyChecking=no -p 22\"  /data/deploy/repo/test/godemo-20160307-104608/ docker@qdu.cloudapp.net:/mnt/test/godemo/20160307-104608\'',732,'\'bash: warning: setlocale: LC_ALL: cannot change locale (zh_CN.UTF-8)\'',1457318770),(174,1,44,1,100,'\'ssh  -T  -p 22 -q -o UserKnownHostsFile=/dev/null -o StrictHostKeyChecking=no docker@qdu.cloudapp.net \" source /etc/profile && cd /mnt/test/godemo/20160307-104608 && touch /mnt/t1/testing && ln -sfn /mnt/test/godemo/20160307-104608 /mnt/test/godemo/current-godemo.tmp && mv -fT /mnt/test/godemo/current-godemo.tmp /mnt/www/godemo && source /etc/profile && cd /mnt/test/godemo/20160307-104608 && touch /mnt/t1/testing111 \"\'',673,'\'qdu.cloudapp.net : bash: warning: setlocale: LC_ALL: cannot change locale (zh_CN.UTF-8)\'',1457318771),(175,1,45,1,100,'\'ssh  -T  -p 22 -q -o UserKnownHostsFile=/dev/null -o StrictHostKeyChecking=no docker@qdu.cloudapp.net \" source /etc/profile && cd /mnt/test/godemo/20160304-142024 && touch /mnt/t1/testing && ln -sfn /mnt/test/godemo/20160304-142024 /mnt/test/godemo/current-godemo.tmp && mv -fT /mnt/test/godemo/current-godemo.tmp /mnt/www/godemo && source /etc/profile && cd /mnt/test/godemo/20160304-142024 && touch /mnt/t1/testing111 \"\'',616,'\'qdu.cloudapp.net : bash: warning: setlocale: LC_ALL: cannot change locale (zh_CN.UTF-8)\'',1457318838),(176,11,48,1,24,'\'ssh  -T  -p 22 -q -o UserKnownHostsFile=/dev/null -o StrictHostKeyChecking=no docker@qdu.cloudapp.net \" mkdir -p /mnt/www/deepshare2/deepshare2/20160307-140002 \"\'',777,'\'qdu.cloudapp.net : bash: warning: setlocale: LC_ALL: cannot change locale (zh_CN.UTF-8)\'',1457330403),(177,11,48,1,40,'\'\'',0,'NULL',1457330403),(178,11,48,1,53,'\'cd /data/deploy/repo/prod/deepshare2/test/deepshare2-20160307-140002  && /usr/bin/env git reset -q --hard 5bf61e4\'',798,'\'\'',1457330404),(179,11,48,1,64,'\'\'',1,'NULL',1457330404),(180,11,48,1,78,'\'rsync -avzq --rsh=\"ssh -q -o UserKnownHostsFile=/dev/null -o StrictHostKeyChecking=no -p 22\"  /data/deploy/repo/prod/deepshare2/test/deepshare2-20160307-140002/ docker@qdu.cloudapp.net:/mnt/www/deepshare2/deepshare2/20160307-140002\'',1446,'\'bash: warning: setlocale: LC_ALL: cannot change locale (zh_CN.UTF-8)\'',1457330405),(181,11,48,1,100,'\'ssh  -T  -p 22 -q -o UserKnownHostsFile=/dev/null -o StrictHostKeyChecking=no docker@qdu.cloudapp.net \" ln -sfn /mnt/www/deepshare2/deepshare2/20160307-140002 /mnt/www/deepshare2/deepshare2/current-deepshare2.tmp && mv -fT /mnt/www/deepshare2/deepshare2/current-deepshare2.tmp /mnt/test/deepshare2 && source /etc/profile && cd /mnt/www/deepshare2/deepshare2/20160307-140002 && bash /mnt/test/deepshare2_image_build.sh \"\'',266877,'\'qdu.cloudapp.net : bash: warning: setlocale: LC_ALL: cannot change locale (zh_CN.UTF-8)\nbash: warning: setlocale: LC_ALL: cannot change locale (zh_CN.UTF-8)\nSending build context to Docker daemon 557.1 kB\rSending build context to Docker daemon 1.114 MB\rSending build context to Docker daemon 1.671 MB\rSending build context to Docker daemon 2.228 MB\rSending build context to Docker daemon 2.785 MB\rSending build context to Docker daemon 3.342 MB\rSending build context to Docker daemon 3.899 MB\rSending build context to Docker daemon 4.456 MB\rSending build context to Docker daemon 5.014 MB\rSending build context to Docker daemon 5.571 MB\rSending build context to Docker daemon 6.096 MB\rSending build context to Docker daemon  6.64 MB\rSending build context to Docker daemon 7.176 MB\rSending build context to Docker daemon  7.73 MB\rSending build context to Docker daemon 8.258 MB\rSending build context to Docker daemon 8.782 MB\rSending build context to Docker daemon 8.986 MB\rSending build context to Docker daemon 8.986 MB\nStep 1 : FROM r.fds.so:5000/golang1.5.3\n ---> abbbd1c355d9\nStep 2 : RUN apt-get update && apt-get install -y --no-install-recommends vim\n ---> Using cache\n ---> 30d29ccde4e8\nStep 3 : ADD . /go/src/github.com/MISingularity/deepshare2\n ---> 26ff2fa80f0c\nRemoving intermediate container cc108998544d\nStep 4 : WORKDIR /go/src/github.com/MISingularity/deepshare2\n ---> Running in 1b8508391df6\n ---> 292f1ddcebb8\nRemoving intermediate container 1b8508391df6\nStep 5 : RUN go get -v -d ./...\n ---> Running in d601bd2ffdf9\n[91mgithub.com/MISingularity/uap-go (download)\n[0m[91mFetching https://gopkg.in/yaml.v2?go-get=1\n[0m[91mParsing meta tags from https://gopkg.in/yaml.v2?go-get=1 (status code 200)\n[0m[91mget \"gopkg.in/yaml.v2\": found meta tag main.metaImport{Prefix:\"gopkg.in/yaml.v2\", VCS:\"git\", RepoRoot:\"https://gopkg.in/yaml.v2\"} at https://gopkg.in/yaml.v2?go-get=1\n[0m[91mgopkg.in/yaml.v2 (download)\n[0m[91mgithub.com/nsqio/go-nsq (download)\n[0m[91mgithub.com/mreiferson/go-snappystream (download)\n[0m[91mFetching https://gopkg.in/redis.v3?go-get=1\n[0m[91mParsing meta tags from https://gopkg.in/redis.v3?go-get=1 (status code 200)\n[0m[91mget \"gopkg.in/redis.v3\": found meta tag main.metaImport{Prefix:\"gopkg.in/redis.v3\", VCS:\"git\", RepoRoot:\"https://gopkg.in/redis.v3\"} at https://gopkg.in/redis.v3?go-get=1\ngopkg.in/redis.v3 (download)\n[0m[91mFetching https://gopkg.in/bsm/ratelimit.v1?go-get=1\n[0m[91mParsing meta tags from https://gopkg.in/bsm/ratelimit.v1?go-get=1 (status code 200)\n[0m[91mget \"gopkg.in/bsm/ratelimit.v1\": found meta tag main.metaImport{Prefix:\"gopkg.in/bsm/ratelimit.v1\", VCS:\"git\", RepoRoot:\"https://gopkg.in/bsm/ratelimit.v1\"} at https://gopkg.in/bsm/ratelimit.v1?go-get=1\ngopkg.in/bsm/ratelimit.v1 (download)\n[0m[91mgithub.com/prometheus/client_golang (download)\n[0m[91mgithub.com/beorn7/perks (download)\n[0m[91mgithub.com/golang/protobuf (download)\n[0m[91mgithub.com/prometheus/client_model (download)\n[0m[91mgithub.com/prometheus/common (download)\n[0m[91mgithub.com/matttproud/golang_protobuf_extensions (download)\n[0m[91mgithub.com/prometheus/procfs (download)\n[0m[91mFetching https://golang.org/x/net/context?go-get=1\n[0m[91mParsing meta tags from https://golang.org/x/net/context?go-get=1 (status code 200)\n[0m[91mget \"golang.org/x/net/context\": found meta tag main.metaImport{Prefix:\"golang.org/x/net\", VCS:\"git\", RepoRoot:\"https://go.googlesource.com/net\"} at https://golang.org/x/net/context?go-get=1\nget \"golang.org/x/net/context\": verifying non-authoritative meta tag\nFetching https://golang.org/x/net?go-get=1\n[0m[91mParsing meta tags from https://golang.org/x/net?go-get=1 (status code 200)\n[0m[91mgolang.org/x/net (download)\n[0m[91mgithub.com/rs/cors (download)\n[0m[91mgithub.com/rs/xhandler (download)\n[0m[91mFetching https://gopkg.in/mgo.v2?go-get=1\n[0m[91mParsing meta tags from https://gopkg.in/mgo.v2?go-get=1 (status code 200)\n[0m[91mget \"gopkg.in/mgo.v2\": found meta tag main.metaImport{Prefix:\"gopkg.in/mgo.v2\", VCS:\"git\", RepoRoot:\"https://gopkg.in/mgo.v2\"} at https://gopkg.in/mgo.v2?go-get=1\n[0m[91mgopkg.in/mgo.v2 (download)\n[0m[91mFetching https://gopkg.in/mgo.v2/bson?go-get=1\n[0m[91mParsing meta tags from https://gopkg.in/mgo.v2/bson?go-get=1 (status code 200)\n[0m[91mget \"gopkg.in/mgo.v2/bson\": found meta tag main.metaImport{Prefix:\"gopkg.in/mgo.v2\", VCS:\"git\", RepoRoot:\"https://gopkg.in/mgo.v2\"} at https://gopkg.in/mgo.v2/bson?go-get=1\nget \"gopkg.in/mgo.v2/bson\": verifying non-authoritative meta tag\nFetching https://gopkg.in/mgo.v2?go-get=1\n[0m[91mParsing meta tags from https://gopkg.in/mgo.v2?go-get=1 (status code 200)\n[0m[91mgithub.com/boltdb/bolt (download)\n[0m ---> 74a65ae9eea8\nRemoving intermediate container d601bd2ffdf9\nStep 6 : RUN go build -o deepshare2d /go/src/github.com/MISingularity/deepshare2/cmd/deepshared/main.go\n ---> Running in 03bc893ab983\n ---> 3bb871b97959\nRemoving intermediate container 03bc893ab983\nStep 7 : CMD /go/src/github.com/MISingularity/deepshare2/deepshare2d\n ---> Running in d24e06bec4dd\n ---> c9baa3a225f8\nRemoving intermediate container d24e06bec4dd\nStep 8 : EXPOSE 8080\n ---> Running in 97333ecdab6d\n ---> 1dde687ccc76\nRemoving intermediate container 97333ecdab6d\nSuccessfully built 1dde687ccc76\nThe push refers to a repository [r.fds.so:5000/deepshare2-test] (len: 1)\n1dde687ccc76: Preparing\n1dde687ccc76: Pushing\n1dde687ccc76: Pushed\nc9baa3a225f8: Preparing\nc9baa3a225f8: Pushing\nc9baa3a225f8: Pushed\n3bb871b97959: Preparing\n3bb871b97959: Pushing\n3bb871b97959: Pushed\n74a65ae9eea8: Preparing\n74a65ae9eea8: Pushing\n74a65ae9eea8: Pushed\n292f1ddcebb8: Preparing\n292f1ddcebb8: Pushing\n292f1ddcebb8: Pushed\n26ff2fa80f0c: Preparing\n26ff2fa80f0c: Pushing\n26ff2fa80f0c: Pushed\n30d29ccde4e8: Image already exists\n9f50c49eb0f2: Image already exists\nbcde7645aea4: Image already exists\ne24428725dd6: Image already exists\n1796d1c62d0c: Image already exists\n0bf056161913: Image already exists\n201603070600: digest: sha256:fd2589bd0bb9c4284430973f2c5e3a07075bad35254b209288a5d77cb003bf0d size: 35169\nCreated deepshare2-sharelink-71ac8c624bd0e433c9a378d4d73bb1a8\nScaling up deepshare2-sharelink-71ac8c624bd0e433c9a378d4d73bb1a8 from 0 to 1, scaling down deepshare2-sharelink from 1 to 0 (keep 1 pods available, don\\\'t exceed 2 pods)\nScaling deepshare2-sharelink-71ac8c624bd0e433c9a378d4d73bb1a8 up to 1\nCreated deepshare2-dsaction-a62b013d4a8d46bc986be452e0fe4927\nScaling up deepshare2-dsaction-a62b013d4a8d46bc986be452e0fe4927 from 0 to 1, scaling down deepshare2-dsaction from 1 to 0 (keep 1 pods available, don\\\'t exceed 2 pods)\nScaling deepshare2-dsaction-a62b013d4a8d46bc986be452e0fe4927 up to 1\nCreated deepshare2-dsusage-41b219fb1136bada81a86816f2179c8b\nScaling up deepshare2-dsusage-41b219fb1136bada81a86816f2179c8b from 0 to 1, scaling down deepshare2-dsusage from 1 to 0 (keep 1 pods available, don\\\'t exceed 2 pods)\nScaling deepshare2-dsusage-41b219fb1136bada81a86816f2179c8b up to 1\nCreated deepshare2-inappdata-85c8fbfd3bb6129b67bcdc1401bdcd1f\nScaling up deepshare2-inappdata-85c8fbfd3bb6129b67bcdc1401bdcd1f from 0 to 1, scaling down deepshare2-inappdata from 1 to 0 (keep 1 pods available, don\\\'t exceed 2 pods)\nScaling deepshare2-inappdata-85c8fbfd3bb6129b67bcdc1401bdcd1f up to 1\nCreated deepshare2-genurl-5657d58e27dd9fb5d3cf23b70c16c1d8\nScaling up deepshare2-genurl-5657d58e27dd9fb5d3cf23b70c16c1d8 from 0 to 1, scaling down deepshare2-genurl from 1 to 0 (keep 1 pods available, don\\\'t exceed 2 pods)\nScaling deepshare2-genurl-5657d58e27dd9fb5d3cf23b70c16c1d8 up to 1\nCreated deepshare2-bind-5994b7e87fbc5c6dc702dcefbe0cf034\nScaling up deepshare2-bind-5994b7e87fbc5c6dc702dcefbe0cf034 from 0 to 1, scaling down deepshare2-bind from 1 to 0 (keep 1 pods available, don\\\'t exceed 2 pods)\nScaling deepshare2-bind-5994b7e87fbc5c6dc702dcefbe0cf034 up to 1\nCreated deepshare2-cookie-4b2834fbbd6fdd5c94b006dfe514a39b\nScaling up deepshare2-cookie-4b2834fbbd6fdd5c94b006dfe514a39b from 0 to 1, scaling down deepshare2-cookie from 1 to 0 (keep 1 pods available, don\\\'t exceed 2 pods)\nScaling deepshare2-cookie-4b2834fbbd6fdd5c94b006dfe514a39b up to 1\nCreated deepshare2-match-8865a1f0e6366531258c1823c0f57744\nScaling up deepshare2-match-8865a1f0e6366531258c1823c0f57744 from 0 to 1, scaling down deepshare2-match from 1 to 0 (keep 1 pods available, don\\\'t exceed 2 pods)\nScaling deepshare2-match-8865a1f0e6366531258c1823c0f57744 up to 1\nCreated deepshare2-counter-0a218990003018d1a58d3b2e3bce6e88\nScaling up deepshare2-counter-0a218990003018d1a58d3b2e3bce6e88 from 0 to 1, scaling down deepshare2-counter from 1 to 0 (keep 1 pods available, don\\\'t exceed 2 pods)\nScaling deepshare2-counter-0a218990003018d1a58d3b2e3bce6e88 up to 1\nCreated deepshare2-appinfo-d3ba6ca25c22c8b3feb03e3ff9ce5830\nScaling up deepshare2-appinfo-d3ba6ca25c22c8b3feb03e3ff9ce5830 from 0 to 1, scaling down deepshare2-appinfo from 1 to 0 (keep 1 pods available, don\\\'t exceed 2 pods)\nScaling deepshare2-appinfo-d3ba6ca25c22c8b3feb03e3ff9ce5830 up to 1\nScaling deepshare2-sharelink down to 0\nScaling deepshare2-dsaction down to 0\nScaling deepshare2-dsusage down to 0\nScaling deepshare2-inappdata down to 0\nScaling deepshare2-match down to 0\nScaling deepshare2-counter down to 0\nScaling deepshare2-cookie down to 0\nScaling deepshare2-bind down to 0\nScaling deepshare2-genurl down to 0\nScaling deepshare2-appinfo down to 0\nUpdate succeeded. Deleting old controller: deepshare2-sharelink\nRenaming deepshare2-sharelink-71ac8c624bd0e433c9a378d4d73bb1a8 to deepshare2-sharelink\nUpdate succeeded. Deleting old controller: deepshare2-dsaction\nRenaming deepshare2-dsaction-a62b013d4a8d46bc986be452e0fe4927 to deepshare2-dsaction\nUpdate succeeded. Deleting old controller: deepshare2-dsusage\nUpdate succeeded. Deleting old controller: deepshare2-inappdata\nUpdate succeeded. Deleting old controller: deepshare2-counter\nUpdate succeeded. Deleting old controller: deepshare2-match\nRenaming deepshare2-dsusage-41b219fb1136bada81a86816f2179c8b to deepshare2-dsusage\nreplicationcontroller \"deepshare2-sharelink\" rolling updated\nUpdate succeeded. Deleting old controller: deepshare2-bind\nUpdate succeeded. Deleting old controller: deepshare2-genurl\nRenaming deepshare2-counter-0a218990003018d1a58d3b2e3bce6e88 to deepshare2-counter\nRenaming deepshare2-inappdata-85c8fbfd3bb6129b67bcdc1401bdcd1f to deepshare2-inappdata\nUpdate succeeded. Deleting old controller: deepshare2-cookie\nreplicationcontroller \"deepshare2-dsaction\" rolling updated\nRenaming deepshare2-match-8865a1f0e6366531258c1823c0f57744 to deepshare2-match\nRenaming deepshare2-genurl-5657d58e27dd9fb5d3cf23b70c16c1d8 to deepshare2-genurl\nRenaming deepshare2-bind-5994b7e87fbc5c6dc702dcefbe0cf034 to deepshare2-bind\nRenaming deepshare2-cookie-4b2834fbbd6fdd5c94b006dfe514a39b to deepshare2-cookie\nreplicationcontroller \"deepshare2-dsusage\" rolling updated\nreplicationcontroller \"deepshare2-inappdata\" rolling updated\nreplicationcontroller \"deepshare2-counter\" rolling updated\nreplicationcontroller \"deepshare2-genurl\" rolling updated\nreplicationcontroller \"deepshare2-bind\" rolling updated\nreplicationcontroller \"deepshare2-match\" rolling updated\nreplicationcontroller \"deepshare2-cookie\" rolling updated\nUpdate succeeded. Deleting old controller: deepshare2-appinfo\nRenaming deepshare2-appinfo-d3ba6ca25c22c8b3feb03e3ff9ce5830 to deepshare2-appinfo\nreplicationcontroller \"deepshare2-appinfo\" rolling updated\'',1457330672),(182,11,50,1,100,'\'ssh  -T  -p 22 -q -o UserKnownHostsFile=/dev/null -o StrictHostKeyChecking=no docker@qdu.cloudapp.net \" ln -sfn /mnt/www/deepshare2/deepshare2/20160304-190421 /mnt/www/deepshare2/deepshare2/current-deepshare2.tmp && mv -fT /mnt/www/deepshare2/deepshare2/current-deepshare2.tmp /mnt/test/deepshare2 && source /etc/profile && cd /mnt/www/deepshare2/deepshare2/20160304-190421 && bash /mnt/test/deepshare2_image_build.sh \"\'',133269,'\'qdu.cloudapp.net : bash: warning: setlocale: LC_ALL: cannot change locale (zh_CN.UTF-8)\nbash: warning: setlocale: LC_ALL: cannot change locale (zh_CN.UTF-8)\nSending build context to Docker daemon 557.1 kB\rSending build context to Docker daemon 1.114 MB\rSending build context to Docker daemon 1.671 MB\rSending build context to Docker daemon 2.228 MB\rSending build context to Docker daemon 2.785 MB\rSending build context to Docker daemon 3.342 MB\rSending build context to Docker daemon 3.899 MB\rSending build context to Docker daemon 4.456 MB\rSending build context to Docker daemon 5.014 MB\rSending build context to Docker daemon 5.558 MB\rSending build context to Docker daemon 6.083 MB\rSending build context to Docker daemon 6.619 MB\rSending build context to Docker daemon 7.143 MB\rSending build context to Docker daemon 7.671 MB\rSending build context to Docker daemon 8.225 MB\rSending build context to Docker daemon 8.753 MB\rSending build context to Docker daemon 8.965 MB\rSending build context to Docker daemon 8.965 MB\nStep 1 : FROM r.fds.so:5000/golang1.5.3\n ---> abbbd1c355d9\nStep 2 : RUN apt-get update && apt-get install -y --no-install-recommends vim\n ---> Using cache\n ---> 30d29ccde4e8\nStep 3 : ADD . /go/src/github.com/MISingularity/deepshare2\n ---> Using cache\n ---> 2cbed91db722\nStep 4 : WORKDIR /go/src/github.com/MISingularity/deepshare2\n ---> Using cache\n ---> 2e6e49ef439b\nStep 5 : RUN go get -v -d ./...\n ---> Using cache\n ---> 6695ed35c779\nStep 6 : RUN go build -o deepshare2d /go/src/github.com/MISingularity/deepshare2/cmd/deepshared/main.go\n ---> Using cache\n ---> ee8f749c5f12\nStep 7 : CMD /go/src/github.com/MISingularity/deepshare2/deepshare2d\n ---> Using cache\n ---> 03c593132927\nStep 8 : EXPOSE 8080\n ---> Using cache\n ---> d12454af3019\nSuccessfully built d12454af3019\nThe push refers to a repository [r.fds.so:5000/deepshare2-test] (len: 1)\nd12454af3019: Image already exists\nee8f749c5f12: Image already exists\n6695ed35c779: Image already exists\n2cbed91db722: Image already exists\n30d29ccde4e8: Image already exists\n9f50c49eb0f2: Image already exists\nbcde7645aea4: Image already exists\ne24428725dd6: Image already exists\n1796d1c62d0c: Image already exists\n0bf056161913: Image already exists\n201603070623: digest: sha256:c97eecdeeda0843166f2e63746a24dd620438c5f899e6f3a37ebd94c3add2f35 size: 35168\nCreated deepshare2-cookie-4b2834fbbd6fdd5c94b006dfe514a39b\nScaling up deepshare2-cookie-4b2834fbbd6fdd5c94b006dfe514a39b from 0 to 1, scaling down deepshare2-cookie from 1 to 0 (keep 1 pods available, don\\\'t exceed 2 pods)\nScaling deepshare2-cookie-4b2834fbbd6fdd5c94b006dfe514a39b up to 1\nCreated deepshare2-dsaction-a62b013d4a8d46bc986be452e0fe4927\nScaling up deepshare2-dsaction-a62b013d4a8d46bc986be452e0fe4927 from 0 to 1, scaling down deepshare2-dsaction from 1 to 0 (keep 1 pods available, don\\\'t exceed 2 pods)\nScaling deepshare2-dsaction-a62b013d4a8d46bc986be452e0fe4927 up to 1\nCreated deepshare2-bind-5994b7e87fbc5c6dc702dcefbe0cf034\nScaling up deepshare2-bind-5994b7e87fbc5c6dc702dcefbe0cf034 from 0 to 1, scaling down deepshare2-bind from 1 to 0 (keep 1 pods available, don\\\'t exceed 2 pods)\nScaling deepshare2-bind-5994b7e87fbc5c6dc702dcefbe0cf034 up to 1\nCreated deepshare2-inappdata-85c8fbfd3bb6129b67bcdc1401bdcd1f\nScaling up deepshare2-inappdata-85c8fbfd3bb6129b67bcdc1401bdcd1f from 0 to 1, scaling down deepshare2-inappdata from 1 to 0 (keep 1 pods available, don\\\'t exceed 2 pods)\nScaling deepshare2-inappdata-85c8fbfd3bb6129b67bcdc1401bdcd1f up to 1\nCreated deepshare2-counter-0a218990003018d1a58d3b2e3bce6e88\nScaling up deepshare2-counter-0a218990003018d1a58d3b2e3bce6e88 from 0 to 1, scaling down deepshare2-counter from 1 to 0 (keep 1 pods available, don\\\'t exceed 2 pods)\nScaling deepshare2-counter-0a218990003018d1a58d3b2e3bce6e88 up to 1\nCreated deepshare2-match-8865a1f0e6366531258c1823c0f57744\nScaling up deepshare2-match-8865a1f0e6366531258c1823c0f57744 from 0 to 1, scaling down deepshare2-match from 1 to 0 (keep 1 pods available, don\\\'t exceed 2 pods)\nScaling deepshare2-match-8865a1f0e6366531258c1823c0f57744 up to 1\nCreated deepshare2-genurl-5657d58e27dd9fb5d3cf23b70c16c1d8\nScaling up deepshare2-genurl-5657d58e27dd9fb5d3cf23b70c16c1d8 from 0 to 1, scaling down deepshare2-genurl from 1 to 0 (keep 1 pods available, don\\\'t exceed 2 pods)\nScaling deepshare2-genurl-5657d58e27dd9fb5d3cf23b70c16c1d8 up to 1\nCreated deepshare2-appinfo-d3ba6ca25c22c8b3feb03e3ff9ce5830\nScaling up deepshare2-appinfo-d3ba6ca25c22c8b3feb03e3ff9ce5830 from 0 to 1, scaling down deepshare2-appinfo from 1 to 0 (keep 1 pods available, don\\\'t exceed 2 pods)\nScaling deepshare2-appinfo-d3ba6ca25c22c8b3feb03e3ff9ce5830 up to 1\nCreated deepshare2-dsusage-41b219fb1136bada81a86816f2179c8b\nScaling up deepshare2-dsusage-41b219fb1136bada81a86816f2179c8b from 0 to 1, scaling down deepshare2-dsusage from 1 to 0 (keep 1 pods available, don\\\'t exceed 2 pods)\nScaling deepshare2-dsusage-41b219fb1136bada81a86816f2179c8b up to 1\nCreated deepshare2-sharelink-71ac8c624bd0e433c9a378d4d73bb1a8\nScaling up deepshare2-sharelink-71ac8c624bd0e433c9a378d4d73bb1a8 from 0 to 1, scaling down deepshare2-sharelink from 1 to 0 (keep 1 pods available, don\\\'t exceed 2 pods)\nScaling deepshare2-sharelink-71ac8c624bd0e433c9a378d4d73bb1a8 up to 1\nScaling deepshare2-cookie down to 0\nScaling deepshare2-dsaction down to 0\nScaling deepshare2-bind down to 0\nScaling deepshare2-inappdata down to 0\nScaling deepshare2-counter down to 0\nScaling deepshare2-match down to 0\nScaling deepshare2-genurl down to 0\nScaling deepshare2-dsusage down to 0\nScaling deepshare2-appinfo down to 0\nScaling deepshare2-sharelink down to 0\nUpdate succeeded. Deleting old controller: deepshare2-cookie\nUpdate succeeded. Deleting old controller: deepshare2-inappdata\nUpdate succeeded. Deleting old controller: deepshare2-dsaction\nUpdate succeeded. Deleting old controller: deepshare2-bind\nRenaming deepshare2-cookie-4b2834fbbd6fdd5c94b006dfe514a39b to deepshare2-cookie\nUpdate succeeded. Deleting old controller: deepshare2-genurl\nUpdate succeeded. Deleting old controller: deepshare2-match\nRenaming deepshare2-inappdata-85c8fbfd3bb6129b67bcdc1401bdcd1f to deepshare2-inappdata\nUpdate succeeded. Deleting old controller: deepshare2-counter\nUpdate succeeded. Deleting old controller: deepshare2-dsusage\nUpdate succeeded. Deleting old controller: deepshare2-appinfo\nUpdate succeeded. Deleting old controller: deepshare2-sharelink\nRenaming deepshare2-match-8865a1f0e6366531258c1823c0f57744 to deepshare2-match\nRenaming deepshare2-genurl-5657d58e27dd9fb5d3cf23b70c16c1d8 to deepshare2-genurl\nRenaming deepshare2-dsaction-a62b013d4a8d46bc986be452e0fe4927 to deepshare2-dsaction\nRenaming deepshare2-bind-5994b7e87fbc5c6dc702dcefbe0cf034 to deepshare2-bind\nRenaming deepshare2-appinfo-d3ba6ca25c22c8b3feb03e3ff9ce5830 to deepshare2-appinfo\nRenaming deepshare2-dsusage-41b219fb1136bada81a86816f2179c8b to deepshare2-dsusage\nRenaming deepshare2-counter-0a218990003018d1a58d3b2e3bce6e88 to deepshare2-counter\nRenaming deepshare2-sharelink-71ac8c624bd0e433c9a378d4d73bb1a8 to deepshare2-sharelink\nreplicationcontroller \"deepshare2-cookie\" rolling updated\nreplicationcontroller \"deepshare2-inappdata\" rolling updated\nreplicationcontroller \"deepshare2-match\" rolling updated\nreplicationcontroller \"deepshare2-dsaction\" rolling updated\nreplicationcontroller \"deepshare2-genurl\" rolling updated\nreplicationcontroller \"deepshare2-bind\" rolling updated\nreplicationcontroller \"deepshare2-appinfo\" rolling updated\nreplicationcontroller \"deepshare2-counter\" rolling updated\nreplicationcontroller \"deepshare2-dsusage\" rolling updated\nreplicationcontroller \"deepshare2-sharelink\" rolling updated\'',1457331950),(183,1,53,1,24,'\'ssh  -T  -p 22 -q -o UserKnownHostsFile=/dev/null -o StrictHostKeyChecking=no docker@qdu.cloudapp.net \" mkdir -p /mnt/www/deepshare2/deepshare2/20160308-141443 \"\'',920,'\'qdu.cloudapp.net : bash: warning: setlocale: LC_ALL: cannot change locale (zh_CN.UTF-8)\'',1457417684),(184,1,53,1,40,'\'\'',0,'NULL',1457417684),(185,1,53,1,53,'\'cd /data/deploy/repo/test/deepshare2/test/deepshare2-20160308-141443  && /usr/bin/env git reset -q --hard 85f147a\'',705,'\'\'',1457417684),(186,1,53,1,64,'\'\'',0,'NULL',1457417684),(187,1,53,1,78,'\'rsync -avzq --rsh=\"ssh -q -o UserKnownHostsFile=/dev/null -o StrictHostKeyChecking=no -p 22\"  /data/deploy/repo/test/deepshare2/test/deepshare2-20160308-141443/ docker@qdu.cloudapp.net:/mnt/www/deepshare2/deepshare2/20160308-141443\'',1625,'\'bash: warning: setlocale: LC_ALL: cannot change locale (zh_CN.UTF-8)\'',1457417686),(188,1,53,1,100,'\'ssh  -T  -p 22 -q -o UserKnownHostsFile=/dev/null -o StrictHostKeyChecking=no docker@qdu.cloudapp.net \" ln -sfn /mnt/www/deepshare2/deepshare2/20160308-141443 /mnt/www/deepshare2/deepshare2/current-deepshare2.tmp && mv -fT /mnt/www/deepshare2/deepshare2/current-deepshare2.tmp /mnt/test/deepshare2 && source /etc/profile && cd /mnt/www/deepshare2/deepshare2/20160308-141443 && bash /mnt/test/deepshare2_test_image_build.sh \"\'',246859,'\'qdu.cloudapp.net : bash: warning: setlocale: LC_ALL: cannot change locale (zh_CN.UTF-8)\nbash: warning: setlocale: LC_ALL: cannot change locale (zh_CN.UTF-8)\nSending build context to Docker daemon 557.1 kB\rSending build context to Docker daemon 1.114 MB\rSending build context to Docker daemon 1.671 MB\rSending build context to Docker daemon 2.228 MB\rSending build context to Docker daemon 2.785 MB\rSending build context to Docker daemon 3.342 MB\rSending build context to Docker daemon 3.899 MB\rSending build context to Docker daemon 4.456 MB\rSending build context to Docker daemon 5.014 MB\rSending build context to Docker daemon 5.571 MB\rSending build context to Docker daemon 6.106 MB\rSending build context to Docker daemon  6.65 MB\rSending build context to Docker daemon 7.176 MB\rSending build context to Docker daemon 7.702 MB\rSending build context to Docker daemon 8.258 MB\rSending build context to Docker daemon 8.784 MB\rSending build context to Docker daemon 8.996 MB\rSending build context to Docker daemon 8.996 MB\nStep 1 : FROM r.fds.so:5000/golang1.5.3\n ---> abbbd1c355d9\nStep 2 : RUN apt-get update && apt-get install -y --no-install-recommends vim\n ---> Using cache\n ---> 30d29ccde4e8\nStep 3 : ADD . /go/src/github.com/MISingularity/deepshare2\n ---> c8696fbebfc0\nRemoving intermediate container 9ba42efaa6b4\nStep 4 : WORKDIR /go/src/github.com/MISingularity/deepshare2\n ---> Running in 002093d3a449\n ---> 3884d54c78df\nRemoving intermediate container 002093d3a449\nStep 5 : RUN go get -v -d ./...\n ---> Running in 641a0b706c49\n[91mgithub.com/MISingularity/uap-go (download)\n[0m[91mFetching https://gopkg.in/yaml.v2?go-get=1\n[0m[91mParsing meta tags from https://gopkg.in/yaml.v2?go-get=1 (status code 200)\n[0m[91mget \"gopkg.in/yaml.v2\": found meta tag main.metaImport{Prefix:\"gopkg.in/yaml.v2\", VCS:\"git\", RepoRoot:\"https://gopkg.in/yaml.v2\"} at https://gopkg.in/yaml.v2?go-get=1\n[0m[91mgopkg.in/yaml.v2 (download)\n[0m[91mgithub.com/nsqio/go-nsq (download)\n[0m[91mgithub.com/mreiferson/go-snappystream (download)\n[0m[91mFetching https://gopkg.in/redis.v3?go-get=1\n[0m[91mParsing meta tags from https://gopkg.in/redis.v3?go-get=1 (status code 200)\n[0m[91mget \"gopkg.in/redis.v3\": found meta tag main.metaImport{Prefix:\"gopkg.in/redis.v3\", VCS:\"git\", RepoRoot:\"https://gopkg.in/redis.v3\"} at https://gopkg.in/redis.v3?go-get=1\ngopkg.in/redis.v3 (download)\n[0m[91mFetching https://gopkg.in/bsm/ratelimit.v1?go-get=1\n[0m[91mParsing meta tags from https://gopkg.in/bsm/ratelimit.v1?go-get=1 (status code 200)\nget \"gopkg.in/bsm/ratelimit.v1\": found meta tag main.metaImport{Prefix:\"gopkg.in/bsm/ratelimit.v1\", VCS:\"git\", RepoRoot:\"https://gopkg.in/bsm/ratelimit.v1\"} at https://gopkg.in/bsm/ratelimit.v1?go-get=1\ngopkg.in/bsm/ratelimit.v1 (download)\n[0m[91mgithub.com/prometheus/client_golang (download)\n[0m[91mgithub.com/beorn7/perks (download)\n[0m[91mgithub.com/golang/protobuf (download)\n[0m[91mgithub.com/prometheus/client_model (download)\n[0m[91mgithub.com/prometheus/common (download)\n[0m[91mgithub.com/matttproud/golang_protobuf_extensions (download)\n[0m[91mgithub.com/prometheus/procfs (download)\n[0m[91mFetching https://golang.org/x/net/context?go-get=1\n[0m[91mParsing meta tags from https://golang.org/x/net/context?go-get=1 (status code 200)\n[0m[91mget \"golang.org/x/net/context\": found meta tag main.metaImport{Prefix:\"golang.org/x/net\", VCS:\"git\", RepoRoot:\"https://go.googlesource.com/net\"} at https://golang.org/x/net/context?go-get=1\nget \"golang.org/x/net/context\": verifying non-authoritative meta tag\nFetching https://golang.org/x/net?go-get=1\n[0m[91mParsing meta tags from https://golang.org/x/net?go-get=1 (status code 200)\n[0m[91mgolang.org/x/net (download)\n[0m[91mgithub.com/rs/cors (download)\n[0m[91mgithub.com/rs/xhandler (download)\n[0m[91mFetching https://gopkg.in/mgo.v2?go-get=1\n[0m[91mParsing meta tags from https://gopkg.in/mgo.v2?go-get=1 (status code 200)\nget \"gopkg.in/mgo.v2\": found meta tag main.metaImport{Prefix:\"gopkg.in/mgo.v2\", VCS:\"git\", RepoRoot:\"https://gopkg.in/mgo.v2\"} at https://gopkg.in/mgo.v2?go-get=1\ngopkg.in/mgo.v2 (download)\n[0m[91mFetching https://gopkg.in/mgo.v2/bson?go-get=1\n[0m[91mParsing meta tags from https://gopkg.in/mgo.v2/bson?go-get=1 (status code 200)\n[0m[91mget \"gopkg.in/mgo.v2/bson\": found meta tag main.metaImport{Prefix:\"gopkg.in/mgo.v2\", VCS:\"git\", RepoRoot:\"https://gopkg.in/mgo.v2\"} at https://gopkg.in/mgo.v2/bson?go-get=1\nget \"gopkg.in/mgo.v2/bson\": verifying non-authoritative meta tag\n[0m[91mFetching https://gopkg.in/mgo.v2?go-get=1\n[0m[91mParsing meta tags from https://gopkg.in/mgo.v2?go-get=1 (status code 200)\n[0m[91mgithub.com/boltdb/bolt (download)\n[0m ---> ace0a4017cd1\nRemoving intermediate container 641a0b706c49\nStep 6 : RUN go build -o deepshare2d /go/src/github.com/MISingularity/deepshare2/cmd/deepshared/main.go\n ---> Running in 48bbe5e51a6b\n ---> 2889090a07ba\nRemoving intermediate container 48bbe5e51a6b\nStep 7 : CMD /go/src/github.com/MISingularity/deepshare2/deepshare2d\n ---> Running in 36602e49defe\n ---> cc458904eb99\nRemoving intermediate container 36602e49defe\nStep 8 : EXPOSE 8080\n ---> Running in d6f8f05badcb\n ---> a10ff012b44e\nRemoving intermediate container d6f8f05badcb\nSuccessfully built a10ff012b44e\nThe push refers to a repository [r.fds.so:5000/deepshare2-test] (len: 1)\na10ff012b44e: Preparing\na10ff012b44e: Pushing\na10ff012b44e: Pushed\ncc458904eb99: Preparing\ncc458904eb99: Pushing\ncc458904eb99: Pushed\n2889090a07ba: Preparing\n2889090a07ba: Pushing\n2889090a07ba: Pushed\nace0a4017cd1: Preparing\nace0a4017cd1: Pushing\nace0a4017cd1: Pushed\n3884d54c78df: Preparing\n3884d54c78df: Pushing\n3884d54c78df: Pushed\nc8696fbebfc0: Preparing\nc8696fbebfc0: Pushing\nc8696fbebfc0: Pushed\n30d29ccde4e8: Image already exists\n9f50c49eb0f2: Image already exists\nbcde7645aea4: Image already exists\ne24428725dd6: Image already exists\n1796d1c62d0c: Image already exists\n0bf056161913: Image already exists\n201603080614: digest: sha256:4a0457ee55d0b91011868568291f1de3b41e3f0ea4f0daa5fe7bcc3a36a286f7 size: 35169\nCreated deepshare2-dsaction-a62b013d4a8d46bc986be452e0fe4927\nScaling up deepshare2-dsaction-a62b013d4a8d46bc986be452e0fe4927 from 0 to 1, scaling down deepshare2-dsaction from 1 to 0 (keep 1 pods available, don\\\'t exceed 2 pods)\nScaling deepshare2-dsaction-a62b013d4a8d46bc986be452e0fe4927 up to 1\nCreated deepshare2-cookie-4b2834fbbd6fdd5c94b006dfe514a39b\nScaling up deepshare2-cookie-4b2834fbbd6fdd5c94b006dfe514a39b from 0 to 1, scaling down deepshare2-cookie from 1 to 0 (keep 1 pods available, don\\\'t exceed 2 pods)\nScaling deepshare2-cookie-4b2834fbbd6fdd5c94b006dfe514a39b up to 1\nCreated deepshare2-appinfo-d3ba6ca25c22c8b3feb03e3ff9ce5830\nScaling up deepshare2-appinfo-d3ba6ca25c22c8b3feb03e3ff9ce5830 from 0 to 1, scaling down deepshare2-appinfo from 1 to 0 (keep 1 pods available, don\\\'t exceed 2 pods)\nScaling deepshare2-appinfo-d3ba6ca25c22c8b3feb03e3ff9ce5830 up to 1\nCreated deepshare2-genurl-5657d58e27dd9fb5d3cf23b70c16c1d8\nScaling up deepshare2-genurl-5657d58e27dd9fb5d3cf23b70c16c1d8 from 0 to 1, scaling down deepshare2-genurl from 1 to 0 (keep 1 pods available, don\\\'t exceed 2 pods)\nScaling deepshare2-genurl-5657d58e27dd9fb5d3cf23b70c16c1d8 up to 1\nCreated deepshare2-dsusage-41b219fb1136bada81a86816f2179c8b\nScaling up deepshare2-dsusage-41b219fb1136bada81a86816f2179c8b from 0 to 1, scaling down deepshare2-dsusage from 1 to 0 (keep 1 pods available, don\\\'t exceed 2 pods)\nScaling deepshare2-dsusage-41b219fb1136bada81a86816f2179c8b up to 1\nCreated deepshare2-bind-5994b7e87fbc5c6dc702dcefbe0cf034\nScaling up deepshare2-bind-5994b7e87fbc5c6dc702dcefbe0cf034 from 0 to 1, scaling down deepshare2-bind from 1 to 0 (keep 1 pods available, don\\\'t exceed 2 pods)\nScaling deepshare2-bind-5994b7e87fbc5c6dc702dcefbe0cf034 up to 1\nCreated deepshare2-inappdata-85c8fbfd3bb6129b67bcdc1401bdcd1f\nScaling up deepshare2-inappdata-85c8fbfd3bb6129b67bcdc1401bdcd1f from 0 to 1, scaling down deepshare2-inappdata from 1 to 0 (keep 1 pods available, don\\\'t exceed 2 pods)\nScaling deepshare2-inappdata-85c8fbfd3bb6129b67bcdc1401bdcd1f up to 1\nCreated deepshare2-match-8865a1f0e6366531258c1823c0f57744\nScaling up deepshare2-match-8865a1f0e6366531258c1823c0f57744 from 0 to 1, scaling down deepshare2-match from 1 to 0 (keep 1 pods available, don\\\'t exceed 2 pods)\nScaling deepshare2-match-8865a1f0e6366531258c1823c0f57744 up to 1\nCreated deepshare2-sharelink-71ac8c624bd0e433c9a378d4d73bb1a8\nCreated deepshare2-counter-0a218990003018d1a58d3b2e3bce6e88\nScaling up deepshare2-counter-0a218990003018d1a58d3b2e3bce6e88 from 0 to 1, scaling down deepshare2-counter from 1 to 0 (keep 1 pods available, don\\\'t exceed 2 pods)\nScaling deepshare2-counter-0a218990003018d1a58d3b2e3bce6e88 up to 1\nScaling up deepshare2-sharelink-71ac8c624bd0e433c9a378d4d73bb1a8 from 0 to 1, scaling down deepshare2-sharelink from 1 to 0 (keep 1 pods available, don\\\'t exceed 2 pods)\nScaling deepshare2-sharelink-71ac8c624bd0e433c9a378d4d73bb1a8 up to 1\nScaling deepshare2-dsaction down to 0\nScaling deepshare2-counter down to 0\nScaling deepshare2-cookie down to 0\nScaling deepshare2-dsusage down to 0\nScaling deepshare2-genurl down to 0\nScaling deepshare2-bind down to 0\nScaling deepshare2-match down to 0\nScaling deepshare2-inappdata down to 0\nScaling deepshare2-sharelink down to 0\nScaling deepshare2-appinfo down to 0\nUpdate succeeded. Deleting old controller: deepshare2-dsaction\nUpdate succeeded. Deleting old controller: deepshare2-counter\nRenaming deepshare2-dsaction-a62b013d4a8d46bc986be452e0fe4927 to deepshare2-dsaction\nRenaming deepshare2-counter-0a218990003018d1a58d3b2e3bce6e88 to deepshare2-counter\nUpdate succeeded. Deleting old controller: deepshare2-bind\nUpdate succeeded. Deleting old controller: deepshare2-genurl\nUpdate succeeded. Deleting old controller: deepshare2-inappdata\nUpdate succeeded. Deleting old controller: deepshare2-sharelink\nUpdate succeeded. Deleting old controller: deepshare2-cookie\nUpdate succeeded. Deleting old controller: deepshare2-dsusage\nUpdate succeeded. Deleting old controller: deepshare2-match\nUpdate succeeded. Deleting old controller: deepshare2-appinfo\nRenaming deepshare2-bind-5994b7e87fbc5c6dc702dcefbe0cf034 to deepshare2-bind\nRenaming deepshare2-genurl-5657d58e27dd9fb5d3cf23b70c16c1d8 to deepshare2-genurl\nreplicationcontroller \"deepshare2-dsaction\" rolling updated\nRenaming deepshare2-sharelink-71ac8c624bd0e433c9a378d4d73bb1a8 to deepshare2-sharelink\nRenaming deepshare2-inappdata-85c8fbfd3bb6129b67bcdc1401bdcd1f to deepshare2-inappdata\nreplicationcontroller \"deepshare2-counter\" rolling updated\nRenaming deepshare2-match-8865a1f0e6366531258c1823c0f57744 to deepshare2-match\nRenaming deepshare2-appinfo-d3ba6ca25c22c8b3feb03e3ff9ce5830 to deepshare2-appinfo\nRenaming deepshare2-dsusage-41b219fb1136bada81a86816f2179c8b to deepshare2-dsusage\nRenaming deepshare2-cookie-4b2834fbbd6fdd5c94b006dfe514a39b to deepshare2-cookie\nreplicationcontroller \"deepshare2-bind\" rolling updated\nreplicationcontroller \"deepshare2-genurl\" rolling updated\nreplicationcontroller \"deepshare2-sharelink\" rolling updated\nreplicationcontroller \"deepshare2-inappdata\" rolling updated\nreplicationcontroller \"deepshare2-appinfo\" rolling updated\nreplicationcontroller \"deepshare2-dsusage\" rolling updated\nreplicationcontroller \"deepshare2-cookie\" rolling updated\nreplicationcontroller \"deepshare2-match\" rolling updated\'',1457417933),(189,11,54,1,24,'\'ssh  -T  -p 22 -q -o UserKnownHostsFile=/dev/null -o StrictHostKeyChecking=no docker@qdu.cloudapp.net \" mkdir -p /mnt/www/staging/deepshare2/deepshare2/20160309-144245 \"\'',823,'\'qdu.cloudapp.net : bash: warning: setlocale: LC_ALL: cannot change locale (zh_CN.UTF-8)\'',1457505765),(190,11,54,1,40,'\'\'',0,'NULL',1457505765),(191,11,54,1,53,'\'cd /data/deploy/repo/staging/deepshare2/simu/deepshare2-20160309-144245  && /usr/bin/env git reset -q --hard 1cef0fc\'',796,'\'\'',1457505766),(192,11,54,1,64,'\'\'',0,'NULL',1457505766),(193,11,54,1,78,'\'rsync -avzq --rsh=\"ssh -q -o UserKnownHostsFile=/dev/null -o StrictHostKeyChecking=no -p 22\"  /data/deploy/repo/staging/deepshare2/simu/deepshare2-20160309-144245/ docker@qdu.cloudapp.net:/mnt/www/staging/deepshare2/deepshare2/20160309-144245\'',1755,'\'bash: warning: setlocale: LC_ALL: cannot change locale (zh_CN.UTF-8)\'',1457505768),(194,11,54,1,100,'\'ssh  -T  -p 22 -q -o UserKnownHostsFile=/dev/null -o StrictHostKeyChecking=no docker@qdu.cloudapp.net \" ln -sfn /mnt/www/staging/deepshare2/deepshare2/20160309-144245 /mnt/www/staging/deepshare2/deepshare2/current-deepshare2.tmp && mv -fT /mnt/www/staging/deepshare2/deepshare2/current-deepshare2.tmp /mnt/staging/deepshare2 && source /etc/profile && cd /mnt/www/staging/deepshare2/deepshare2/20160309-144245 && bash /mnt/staging/deepshare2_staging_image_build.sh \"\'',147827,'\'qdu.cloudapp.net : bash: warning: setlocale: LC_ALL: cannot change locale (zh_CN.UTF-8)\nbash: warning: setlocale: LC_ALL: cannot change locale (zh_CN.UTF-8)\nSending build context to Docker daemon 557.1 kB\rSending build context to Docker daemon 1.114 MB\rSending build context to Docker daemon 1.671 MB\rSending build context to Docker daemon 2.228 MB\rSending build context to Docker daemon 2.785 MB\rSending build context to Docker daemon 3.342 MB\rSending build context to Docker daemon 3.899 MB\rSending build context to Docker daemon 4.456 MB\rSending build context to Docker daemon 5.014 MB\rSending build context to Docker daemon 5.571 MB\rSending build context to Docker daemon 6.111 MB\rSending build context to Docker daemon 6.652 MB\rSending build context to Docker daemon 7.195 MB\rSending build context to Docker daemon 7.733 MB\rSending build context to Docker daemon  8.29 MB\rSending build context to Docker daemon 8.816 MB\rSending build context to Docker daemon 9.002 MB\rSending build context to Docker daemon 9.002 MB\nStep 1 : FROM r.fds.so:5000/golang1.5.3\n ---> abbbd1c355d9\nStep 2 : RUN apt-get update && apt-get install -y --no-install-recommends vim\n ---> Using cache\n ---> 30d29ccde4e8\nStep 3 : ADD . /go/src/github.com/MISingularity/deepshare2\n ---> 618632af22ab\nRemoving intermediate container 4ac944ff6f97\nStep 4 : WORKDIR /go/src/github.com/MISingularity/deepshare2\n ---> Running in d00afab4c0ef\n ---> 3e2fa5db084d\nRemoving intermediate container d00afab4c0ef\nStep 5 : RUN go get -v -d ./...\n ---> Running in 670becbab164\n[91mgithub.com/MISingularity/uap-go (download)\n[0m[91mFetching https://gopkg.in/yaml.v2?go-get=1\n[0m[91mParsing meta tags from https://gopkg.in/yaml.v2?go-get=1 (status code 200)\n[0m[91mget \"gopkg.in/yaml.v2\": found meta tag main.metaImport{Prefix:\"gopkg.in/yaml.v2\", VCS:\"git\", RepoRoot:\"https://gopkg.in/yaml.v2\"} at https://gopkg.in/yaml.v2?go-get=1\n[0m[91mgopkg.in/yaml.v2 (download)\n[0m[91mgithub.com/nsqio/go-nsq (download)\n[0m[91mgithub.com/mreiferson/go-snappystream (download)\n[0m[91mFetching https://gopkg.in/redis.v3?go-get=1\n[0m[91mParsing meta tags from https://gopkg.in/redis.v3?go-get=1 (status code 200)\n[0m[91mget \"gopkg.in/redis.v3\": found meta tag main.metaImport{Prefix:\"gopkg.in/redis.v3\", VCS:\"git\", RepoRoot:\"https://gopkg.in/redis.v3\"} at https://gopkg.in/redis.v3?go-get=1\n[0m[91mgopkg.in/redis.v3 (download)\n[0m[91mFetching https://gopkg.in/bsm/ratelimit.v1?go-get=1\n[0m[91mParsing meta tags from https://gopkg.in/bsm/ratelimit.v1?go-get=1 (status code 200)\n[0m[91mget \"gopkg.in/bsm/ratelimit.v1\": found meta tag main.metaImport{Prefix:\"gopkg.in/bsm/ratelimit.v1\", VCS:\"git\", RepoRoot:\"https://gopkg.in/bsm/ratelimit.v1\"} at https://gopkg.in/bsm/ratelimit.v1?go-get=1\n[0m[91mgopkg.in/bsm/ratelimit.v1 (download)\n[0m[91mgithub.com/prometheus/client_golang (download)\n[0m[91mgithub.com/beorn7/perks (download)\n[0m[91mgithub.com/golang/protobuf (download)\n[0m[91mgithub.com/prometheus/client_model (download)\n[0m[91mgithub.com/prometheus/common (download)\n[0m[91mgithub.com/matttproud/golang_protobuf_extensions (download)\n[0m[91mgithub.com/prometheus/procfs (download)\n[0m[91mFetching https://golang.org/x/net/context?go-get=1\n[0m[91mParsing meta tags from https://golang.org/x/net/context?go-get=1 (status code 200)\n[0m[91mget \"golang.org/x/net/context\": found meta tag main.metaImport{Prefix:\"golang.org/x/net\", VCS:\"git\", RepoRoot:\"https://go.googlesource.com/net\"} at https://golang.org/x/net/context?go-get=1\n[0m[91mget \"golang.org/x/net/context\": verifying non-authoritative meta tag\n[0m[91mFetching https://golang.org/x/net?go-get=1\n[0m[91mParsing meta tags from https://golang.org/x/net?go-get=1 (status code 200)\n[0m[91mgolang.org/x/net (download)\n[0m[91mgithub.com/rs/cors (download)\n[0m[91mgithub.com/rs/xhandler (download)\n[0m[91mFetching https://gopkg.in/mgo.v2?go-get=1\n[0m[91mParsing meta tags from https://gopkg.in/mgo.v2?go-get=1 (status code 200)\n[0m[91mget \"gopkg.in/mgo.v2\": found meta tag main.metaImport{Prefix:\"gopkg.in/mgo.v2\", VCS:\"git\", RepoRoot:\"https://gopkg.in/mgo.v2\"} at https://gopkg.in/mgo.v2?go-get=1\n[0m[91mgopkg.in/mgo.v2 (download)\n[0m[91mFetching https://gopkg.in/mgo.v2/bson?go-get=1\n[0m[91mParsing meta tags from https://gopkg.in/mgo.v2/bson?go-get=1 (status code 200)\n[0m[91mget \"gopkg.in/mgo.v2/bson\": found meta tag main.metaImport{Prefix:\"gopkg.in/mgo.v2\", VCS:\"git\", RepoRoot:\"https://gopkg.in/mgo.v2\"} at https://gopkg.in/mgo.v2/bson?go-get=1\n[0m[91mget \"gopkg.in/mgo.v2/bson\": verifying non-authoritative meta tag\nFetching https://gopkg.in/mgo.v2?go-get=1\n[0m[91mParsing meta tags from https://gopkg.in/mgo.v2?go-get=1 (status code 200)\n[0m[91mgithub.com/boltdb/bolt (download)\n[0m ---> 5a0f12328114\nRemoving intermediate container 670becbab164\nStep 6 : RUN go build -o deepshare2d /go/src/github.com/MISingularity/deepshare2/cmd/deepshared/main.go\n ---> Running in 550ad237b1fb\n ---> e59581401702\nRemoving intermediate container 550ad237b1fb\nStep 7 : CMD /go/src/github.com/MISingularity/deepshare2/deepshare2d\n ---> Running in 19c4cbdbfd5e\n ---> d2cba207f40a\nRemoving intermediate container 19c4cbdbfd5e\nStep 8 : EXPOSE 8080\n ---> Running in 18eee720a2a6\n ---> d76381de655c\nRemoving intermediate container 18eee720a2a6\nSuccessfully built d76381de655c\nThe push refers to a repository [r.fds.so:5000/deepshare2-staging] (len: 1)\nRepository does not exist: r.fds.so:5000/deepshare2-staging\nCreated deepshare2-sharelink-f90d6b1713e853238a7e5c1c719d7334\nScaling up deepshare2-sharelink-f90d6b1713e853238a7e5c1c719d7334 from 0 to 1, scaling down deepshare2-sharelink from 1 to 0 (keep 1 pods available, don\\\'t exceed 2 pods)\nScaling deepshare2-sharelink-f90d6b1713e853238a7e5c1c719d7334 up to 1\nCreated deepshare2-cookie-09efa44a0f1def524aae5e10e066bee8\nScaling up deepshare2-cookie-09efa44a0f1def524aae5e10e066bee8 from 0 to 1, scaling down deepshare2-cookie from 1 to 0 (keep 1 pods available, don\\\'t exceed 2 pods)\nScaling deepshare2-cookie-09efa44a0f1def524aae5e10e066bee8 up to 1\nCreated deepshare2-dsusage-e09bbc18dea9b54a4f42e572ea894952\nScaling up deepshare2-dsusage-e09bbc18dea9b54a4f42e572ea894952 from 0 to 1, scaling down deepshare2-dsusage from 1 to 0 (keep 1 pods available, don\\\'t exceed 2 pods)\nScaling deepshare2-dsusage-e09bbc18dea9b54a4f42e572ea894952 up to 1\nCreated deepshare2-appcookie-2a8cfd2c909e9e1af3a5a0f2f5d651b9\nCreated deepshare2-match-d1ce9a76397275a9a709acd1263feac3\nScaling up deepshare2-match-d1ce9a76397275a9a709acd1263feac3 from 0 to 1, scaling down deepshare2-match from 1 to 0 (keep 1 pods available, don\\\'t exceed 2 pods)\nScaling deepshare2-match-d1ce9a76397275a9a709acd1263feac3 up to 1\nCreated deepshare2-inappdata-e5387774e01d749386a567e1c5d2b97b\nScaling up deepshare2-inappdata-e5387774e01d749386a567e1c5d2b97b from 0 to 1, scaling down deepshare2-inappdata from 1 to 0 (keep 1 pods available, don\\\'t exceed 2 pods)\nScaling deepshare2-inappdata-e5387774e01d749386a567e1c5d2b97b up to 1\nCreated deepshare2-counter-55a45fa37a79858c642424a291d892ab\nScaling up deepshare2-counter-55a45fa37a79858c642424a291d892ab from 0 to 1, scaling down deepshare2-counter from 1 to 0 (keep 1 pods available, don\\\'t exceed 2 pods)\nScaling deepshare2-counter-55a45fa37a79858c642424a291d892ab up to 1\nCreated deepshare2-dsaction-cd5f0f6cfe8b7dba13e6be496d5eb2cd\nScaling up deepshare2-dsaction-cd5f0f6cfe8b7dba13e6be496d5eb2cd from 0 to 1, scaling down deepshare2-dsaction from 1 to 0 (keep 1 pods available, don\\\'t exceed 2 pods)\nScaling deepshare2-dsaction-cd5f0f6cfe8b7dba13e6be496d5eb2cd up to 1\nCreated deepshare2-genurl-6a89fad255632e4e550f22db45fdc789\nScaling up deepshare2-genurl-6a89fad255632e4e550f22db45fdc789 from 0 to 1, scaling down deepshare2-genurl from 1 to 0 (keep 1 pods available, don\\\'t exceed 2 pods)\nScaling deepshare2-genurl-6a89fad255632e4e550f22db45fdc789 up to 1\nCreated deepshare2-bind-405b179c12ed04ae1e350b919d9e3552\nScaling up deepshare2-appcookie-2a8cfd2c909e9e1af3a5a0f2f5d651b9 from 0 to 1, scaling down deepshare2-appcookie from 1 to 0 (keep 1 pods available, don\\\'t exceed 2 pods)\nScaling deepshare2-appcookie-2a8cfd2c909e9e1af3a5a0f2f5d651b9 up to 1\nCreated deepshare2-appinfo-3938327a00f29f7f5622bf0c823a36a6\nScaling up deepshare2-appinfo-3938327a00f29f7f5622bf0c823a36a6 from 0 to 1, scaling down deepshare2-appinfo from 1 to 0 (keep 1 pods available, don\\\'t exceed 2 pods)\nScaling deepshare2-appinfo-3938327a00f29f7f5622bf0c823a36a6 up to 1\nScaling up deepshare2-bind-405b179c12ed04ae1e350b919d9e3552 from 0 to 1, scaling down deepshare2-bind from 1 to 0 (keep 1 pods available, don\\\'t exceed 2 pods)\nScaling deepshare2-bind-405b179c12ed04ae1e350b919d9e3552 up to 1\nScaling deepshare2-sharelink down to 0\nScaling deepshare2-cookie down to 0\nScaling deepshare2-dsusage down to 0\nScaling deepshare2-inappdata down to 0\nScaling deepshare2-match down to 0\nScaling deepshare2-counter down to 0\nScaling deepshare2-dsaction down to 0\nScaling deepshare2-appcookie down to 0\nScaling deepshare2-genurl down to 0\nScaling deepshare2-appinfo down to 0\nScaling deepshare2-bind down to 0\nUpdate succeeded. Deleting old controller: deepshare2-cookie\nRenaming deepshare2-cookie-09efa44a0f1def524aae5e10e066bee8 to deepshare2-cookie\nUpdate succeeded. Deleting old controller: deepshare2-dsusage\nreplicationcontroller \"deepshare2-cookie\" rolling updated\nRenaming deepshare2-dsusage-e09bbc18dea9b54a4f42e572ea894952 to deepshare2-dsusage\nUpdate succeeded. Deleting old controller: deepshare2-counter\nUpdate succeeded. Deleting old controller: deepshare2-match\nUpdate succeeded. Deleting old controller: deepshare2-inappdata\nreplicationcontroller \"deepshare2-dsusage\" rolling updated\nRenaming deepshare2-counter-55a45fa37a79858c642424a291d892ab to deepshare2-counter\nRenaming deepshare2-inappdata-e5387774e01d749386a567e1c5d2b97b to deepshare2-inappdata\nRenaming deepshare2-match-d1ce9a76397275a9a709acd1263feac3 to deepshare2-match\nUpdate succeeded. Deleting old controller: deepshare2-appinfo\nreplicationcontroller \"deepshare2-counter\" rolling updated\nreplicationcontroller \"deepshare2-inappdata\" rolling updated\nreplicationcontroller \"deepshare2-match\" rolling updated\nUpdate succeeded. Deleting old controller: deepshare2-appcookie\nUpdate succeeded. Deleting old controller: deepshare2-dsaction\nUpdate succeeded. Deleting old controller: deepshare2-genurl\nRenaming deepshare2-appinfo-3938327a00f29f7f5622bf0c823a36a6 to deepshare2-appinfo\nRenaming deepshare2-appcookie-2a8cfd2c909e9e1af3a5a0f2f5d651b9 to deepshare2-appcookie\nUpdate succeeded. Deleting old controller: deepshare2-bind\nRenaming deepshare2-genurl-6a89fad255632e4e550f22db45fdc789 to deepshare2-genurl\nRenaming deepshare2-dsaction-cd5f0f6cfe8b7dba13e6be496d5eb2cd to deepshare2-dsaction\nRenaming deepshare2-bind-405b179c12ed04ae1e350b919d9e3552 to deepshare2-bind\nreplicationcontroller \"deepshare2-appinfo\" rolling updated\nUpdate succeeded. Deleting old controller: deepshare2-sharelink\nreplicationcontroller \"deepshare2-appcookie\" rolling updated\nreplicationcontroller \"deepshare2-genurl\" rolling updated\nreplicationcontroller \"deepshare2-dsaction\" rolling updated\nRenaming deepshare2-sharelink-f90d6b1713e853238a7e5c1c719d7334 to deepshare2-sharelink\nreplicationcontroller \"deepshare2-bind\" rolling updated\nreplicationcontroller \"deepshare2-sharelink\" rolling updated\'',1457505916),(195,11,55,1,24,'\'ssh  -T  -p 22 -q -o UserKnownHostsFile=/dev/null -o StrictHostKeyChecking=no docker@qdu.cloudapp.net \" mkdir -p /mnt/www/staging/deepshare2/deepshare2/20160309-152134 \"\'',819,'\'qdu.cloudapp.net : bash: warning: setlocale: LC_ALL: cannot change locale (zh_CN.UTF-8)\'',1457508095),(196,11,55,1,40,'\'\'',0,'NULL',1457508095),(197,11,55,1,53,'\'cd /data/deploy/repo/staging/deepshare2/simu/deepshare2-20160309-152134  && /usr/bin/env git reset -q --hard 1cef0fc\'',714,'\'\'',1457508095),(198,11,55,1,64,'\'\'',0,'NULL',1457508095),(199,11,55,1,78,'\'rsync -avzq --rsh=\"ssh -q -o UserKnownHostsFile=/dev/null -o StrictHostKeyChecking=no -p 22\"  /data/deploy/repo/staging/deepshare2/simu/deepshare2-20160309-152134/ docker@qdu.cloudapp.net:/mnt/www/staging/deepshare2/deepshare2/20160309-152134\'',1650,'\'bash: warning: setlocale: LC_ALL: cannot change locale (zh_CN.UTF-8)\'',1457508097),(200,11,55,1,100,'\'ssh  -T  -p 22 -q -o UserKnownHostsFile=/dev/null -o StrictHostKeyChecking=no docker@qdu.cloudapp.net \" ln -sfn /mnt/www/staging/deepshare2/deepshare2/20160309-152134 /mnt/www/staging/deepshare2/deepshare2/current-deepshare2.tmp && mv -fT /mnt/www/staging/deepshare2/deepshare2/current-deepshare2.tmp /mnt/staging/deepshare2 && source /etc/profile && cd /mnt/www/staging/deepshare2/deepshare2/20160309-152134 && bash /mnt/staging/deepshare2_staging_image_build.sh \"\'',155150,'\'qdu.cloudapp.net : bash: warning: setlocale: LC_ALL: cannot change locale (zh_CN.UTF-8)\nbash: warning: setlocale: LC_ALL: cannot change locale (zh_CN.UTF-8)\nSending build context to Docker daemon 557.1 kB\rSending build context to Docker daemon 1.114 MB\rSending build context to Docker daemon 1.671 MB\rSending build context to Docker daemon 2.228 MB\rSending build context to Docker daemon 2.785 MB\rSending build context to Docker daemon 3.342 MB\rSending build context to Docker daemon 3.899 MB\rSending build context to Docker daemon 4.456 MB\rSending build context to Docker daemon 5.014 MB\rSending build context to Docker daemon 5.571 MB\rSending build context to Docker daemon 6.111 MB\rSending build context to Docker daemon 6.652 MB\rSending build context to Docker daemon 7.196 MB\rSending build context to Docker daemon 7.733 MB\rSending build context to Docker daemon  8.29 MB\rSending build context to Docker daemon 8.815 MB\rSending build context to Docker daemon 9.003 MB\rSending build context to Docker daemon 9.003 MB\nStep 1 : FROM r.fds.so:5000/golang1.5.3\n ---> abbbd1c355d9\nStep 2 : RUN apt-get update && apt-get install -y --no-install-recommends vim\n ---> Using cache\n ---> 30d29ccde4e8\nStep 3 : ADD . /go/src/github.com/MISingularity/deepshare2\n ---> 3e880fd18885\nRemoving intermediate container b139b4f6a8fc\nStep 4 : WORKDIR /go/src/github.com/MISingularity/deepshare2\n ---> Running in fe3c6c242c7e\n ---> c80e5c636650\nRemoving intermediate container fe3c6c242c7e\nStep 5 : RUN go get -v -d ./...\n ---> Running in f76786d29f79\n[91mgithub.com/MISingularity/uap-go (download)\n[0m[91mFetching https://gopkg.in/yaml.v2?go-get=1\n[0m[91mParsing meta tags from https://gopkg.in/yaml.v2?go-get=1 (status code 200)\n[0m[91mget \"gopkg.in/yaml.v2\": found meta tag main.metaImport{Prefix:\"gopkg.in/yaml.v2\", VCS:\"git\", RepoRoot:\"https://gopkg.in/yaml.v2\"} at https://gopkg.in/yaml.v2?go-get=1\n[0m[91mgopkg.in/yaml.v2 (download)\n[0m[91mgithub.com/nsqio/go-nsq (download)\n[0m[91mgithub.com/mreiferson/go-snappystream (download)\n[0m[91mFetching https://gopkg.in/redis.v3?go-get=1\n[0m[91mParsing meta tags from https://gopkg.in/redis.v3?go-get=1 (status code 200)\n[0m[91mget \"gopkg.in/redis.v3\": found meta tag main.metaImport{Prefix:\"gopkg.in/redis.v3\", VCS:\"git\", RepoRoot:\"https://gopkg.in/redis.v3\"} at https://gopkg.in/redis.v3?go-get=1\n[0m[91mgopkg.in/redis.v3 (download)\n[0m[91mFetching https://gopkg.in/bsm/ratelimit.v1?go-get=1\n[0m[91mParsing meta tags from https://gopkg.in/bsm/ratelimit.v1?go-get=1 (status code 200)\n[0m[91mget \"gopkg.in/bsm/ratelimit.v1\": found meta tag main.metaImport{Prefix:\"gopkg.in/bsm/ratelimit.v1\", VCS:\"git\", RepoRoot:\"https://gopkg.in/bsm/ratelimit.v1\"} at https://gopkg.in/bsm/ratelimit.v1?go-get=1\ngopkg.in/bsm/ratelimit.v1 (download)\n[0m[91mgithub.com/prometheus/client_golang (download)\n[0m[91mgithub.com/beorn7/perks (download)\n[0m[91mgithub.com/golang/protobuf (download)\n[0m[91mgithub.com/prometheus/client_model (download)\n[0m[91mgithub.com/prometheus/common (download)\n[0m[91mgithub.com/matttproud/golang_protobuf_extensions (download)\n[0m[91mgithub.com/prometheus/procfs (download)\n[0m[91mFetching https://golang.org/x/net/context?go-get=1\n[0m[91mParsing meta tags from https://golang.org/x/net/context?go-get=1 (status code 200)\n[0m[91mget \"golang.org/x/net/context\": found meta tag main.metaImport{Prefix:\"golang.org/x/net\", VCS:\"git\", RepoRoot:\"https://go.googlesource.com/net\"} at https://golang.org/x/net/context?go-get=1\nget \"golang.org/x/net/context\": verifying non-authoritative meta tag\n[0m[91mFetching https://golang.org/x/net?go-get=1\n[0m[91mParsing meta tags from https://golang.org/x/net?go-get=1 (status code 200)\ngolang.org/x/net (download)\n[0m[91mgithub.com/rs/cors (download)\n[0m[91mgithub.com/rs/xhandler (download)\n[0m[91mFetching https://gopkg.in/mgo.v2?go-get=1\n[0m[91mParsing meta tags from https://gopkg.in/mgo.v2?go-get=1 (status code 200)\nget \"gopkg.in/mgo.v2\": found meta tag main.metaImport{Prefix:\"gopkg.in/mgo.v2\", VCS:\"git\", RepoRoot:\"https://gopkg.in/mgo.v2\"} at https://gopkg.in/mgo.v2?go-get=1\ngopkg.in/mgo.v2 (download)\n[0m[91mFetching https://gopkg.in/mgo.v2/bson?go-get=1\n[0m[91mParsing meta tags from https://gopkg.in/mgo.v2/bson?go-get=1 (status code 200)\n[0m[91mget \"gopkg.in/mgo.v2/bson\": found meta tag main.metaImport{Prefix:\"gopkg.in/mgo.v2\", VCS:\"git\", RepoRoot:\"https://gopkg.in/mgo.v2\"} at https://gopkg.in/mgo.v2/bson?go-get=1\nget \"gopkg.in/mgo.v2/bson\": verifying non-authoritative meta tag\n[0m[91mFetching https://gopkg.in/mgo.v2?go-get=1\n[0m[91mParsing meta tags from https://gopkg.in/mgo.v2?go-get=1 (status code 200)\n[0m[91mgithub.com/boltdb/bolt (download)\n[0m ---> ff1c003f1a5d\nRemoving intermediate container f76786d29f79\nStep 6 : RUN go build -o deepshare2d /go/src/github.com/MISingularity/deepshare2/cmd/deepshared/main.go\n ---> Running in d33a77622e52\n ---> 3c5b1cde445d\nRemoving intermediate container d33a77622e52\nStep 7 : CMD /go/src/github.com/MISingularity/deepshare2/deepshare2d\n ---> Running in 5678380ddc1d\n ---> 80807e737ada\nRemoving intermediate container 5678380ddc1d\nStep 8 : EXPOSE 8080\n ---> Running in cd5230e43f89\n ---> 148c2f129684\nRemoving intermediate container cd5230e43f89\nSuccessfully built 148c2f129684\nThe push refers to a repository [r.fds.so:5000/deepshare2-staging] (len: 1)\n148c2f129684: Preparing\n148c2f129684: Pushing\n148c2f129684: Pushed\n80807e737ada: Preparing\n80807e737ada: Pushing\n80807e737ada: Pushed\n3c5b1cde445d: Preparing\n3c5b1cde445d: Pushing\n3c5b1cde445d: Pushed\nff1c003f1a5d: Preparing\nff1c003f1a5d: Pushing\nff1c003f1a5d: Pushed\nc80e5c636650: Preparing\nc80e5c636650: Pushing\nc80e5c636650: Pushed\n3e880fd18885: Preparing\n3e880fd18885: Pushing\n3e880fd18885: Pushed\n30d29ccde4e8: Image already exists\n9f50c49eb0f2: Image already exists\nbcde7645aea4: Image already exists\ne24428725dd6: Image already exists\n1796d1c62d0c: Image already exists\n0bf056161913: Image already exists\n201603090721: digest: sha256:b77726a426ae6721bad189b3952f71f9ea6bed97e4a65b3b233f867ff701157b size: 35172\'',1457508252),(201,11,56,1,24,'\'ssh  -T  -p 22 -q -o UserKnownHostsFile=/dev/null -o StrictHostKeyChecking=no docker@qdu.cloudapp.net \" mkdir -p /mnt/www/staging/deepshare2/deepshare2/20160309-160410 \"\'',914,'\'qdu.cloudapp.net : bash: warning: setlocale: LC_ALL: cannot change locale (zh_CN.UTF-8)\'',1457510651),(202,11,56,1,40,'\'\'',0,'NULL',1457510651),(203,11,56,1,53,'\'cd /data/deploy/repo/staging/deepshare2/simu/deepshare2-20160309-160410  && /usr/bin/env git reset -q --hard 1cef0fc\'',858,'\'\'',1457510652),(204,11,56,1,64,'\'\'',4,'NULL',1457510652),(205,11,56,1,78,'\'rsync -avzq --rsh=\"ssh -q -o UserKnownHostsFile=/dev/null -o StrictHostKeyChecking=no -p 22\"  /data/deploy/repo/staging/deepshare2/simu/deepshare2-20160309-160410/ docker@qdu.cloudapp.net:/mnt/www/staging/deepshare2/deepshare2/20160309-160410\'',1654,'\'bash: warning: setlocale: LC_ALL: cannot change locale (zh_CN.UTF-8)\'',1457510654),(206,11,56,1,100,'\'ssh  -T  -p 22 -q -o UserKnownHostsFile=/dev/null -o StrictHostKeyChecking=no docker@qdu.cloudapp.net \" ln -sfn /mnt/www/staging/deepshare2/deepshare2/20160309-160410 /mnt/www/staging/deepshare2/deepshare2/current-deepshare2.tmp && mv -fT /mnt/www/staging/deepshare2/deepshare2/current-deepshare2.tmp /mnt/staging/deepshare2 && source /etc/profile && cd /mnt/www/staging/deepshare2/deepshare2/20160309-160410 && bash /mnt/staging/deepshare2_staging_image_build.sh \"\'',194287,'\'qdu.cloudapp.net : bash: warning: setlocale: LC_ALL: cannot change locale (zh_CN.UTF-8)\nbash: warning: setlocale: LC_ALL: cannot change locale (zh_CN.UTF-8)\nSending build context to Docker daemon 557.1 kB\rSending build context to Docker daemon 1.114 MB\rSending build context to Docker daemon 1.671 MB\rSending build context to Docker daemon 2.228 MB\rSending build context to Docker daemon 2.785 MB\rSending build context to Docker daemon 3.342 MB\rSending build context to Docker daemon 3.899 MB\rSending build context to Docker daemon 4.456 MB\rSending build context to Docker daemon 5.014 MB\rSending build context to Docker daemon 5.571 MB\rSending build context to Docker daemon 6.095 MB\rSending build context to Docker daemon 6.652 MB\rSending build context to Docker daemon 7.196 MB\rSending build context to Docker daemon 7.733 MB\rSending build context to Docker daemon  8.29 MB\rSending build context to Docker daemon 8.815 MB\rSending build context to Docker daemon 9.004 MB\rSending build context to Docker daemon 9.004 MB\nStep 1 : FROM r.fds.so:5000/golang1.5.3\n ---> abbbd1c355d9\nStep 2 : RUN apt-get update && apt-get install -y --no-install-recommends vim\n ---> Using cache\n ---> 30d29ccde4e8\nStep 3 : ADD . /go/src/github.com/MISingularity/deepshare2\n ---> 602250d2eec7\nRemoving intermediate container 3359e34d7b5b\nStep 4 : WORKDIR /go/src/github.com/MISingularity/deepshare2\n ---> Running in efcdeb6f35fc\n ---> bfd70bc7cce1\nRemoving intermediate container efcdeb6f35fc\nStep 5 : RUN go get -v -d ./...\n ---> Running in b669e8e2d263\n[91mgithub.com/MISingularity/uap-go (download)\n[0m[91mFetching https://gopkg.in/yaml.v2?go-get=1\n[0m[91mParsing meta tags from https://gopkg.in/yaml.v2?go-get=1 (status code 200)\nget \"gopkg.in/yaml.v2\": found meta tag main.metaImport{Prefix:\"gopkg.in/yaml.v2\", VCS:\"git\", RepoRoot:\"https://gopkg.in/yaml.v2\"} at https://gopkg.in/yaml.v2?go-get=1\ngopkg.in/yaml.v2 (download)\n[0m[91mgithub.com/nsqio/go-nsq (download)\n[0m[91mgithub.com/mreiferson/go-snappystream (download)\n[0m[91mFetching https://gopkg.in/redis.v3?go-get=1\n[0m[91mParsing meta tags from https://gopkg.in/redis.v3?go-get=1 (status code 200)\nget \"gopkg.in/redis.v3\": found meta tag main.metaImport{Prefix:\"gopkg.in/redis.v3\", VCS:\"git\", RepoRoot:\"https://gopkg.in/redis.v3\"} at https://gopkg.in/redis.v3?go-get=1\ngopkg.in/redis.v3 (download)\n[0m[91mFetching https://gopkg.in/bsm/ratelimit.v1?go-get=1\n[0m[91mParsing meta tags from https://gopkg.in/bsm/ratelimit.v1?go-get=1 (status code 200)\nget \"gopkg.in/bsm/ratelimit.v1\": found meta tag main.metaImport{Prefix:\"gopkg.in/bsm/ratelimit.v1\", VCS:\"git\", RepoRoot:\"https://gopkg.in/bsm/ratelimit.v1\"} at https://gopkg.in/bsm/ratelimit.v1?go-get=1\ngopkg.in/bsm/ratelimit.v1 (download)\n[0m[91mgithub.com/prometheus/client_golang (download)\n[0m[91mgithub.com/beorn7/perks (download)\n[0m[91mgithub.com/golang/protobuf (download)\n[0m[91mgithub.com/prometheus/client_model (download)\n[0m[91mgithub.com/prometheus/common (download)\n[0m[91mgithub.com/matttproud/golang_protobuf_extensions (download)\n[0m[91mgithub.com/prometheus/procfs (download)\n[0m[91mFetching https://golang.org/x/net/context?go-get=1\n[0m[91mParsing meta tags from https://golang.org/x/net/context?go-get=1 (status code 200)\n[0m[91mget \"golang.org/x/net/context\": found meta tag main.metaImport{Prefix:\"golang.org/x/net\", VCS:\"git\", RepoRoot:\"https://go.googlesource.com/net\"} at https://golang.org/x/net/context?go-get=1\nget \"golang.org/x/net/context\": verifying non-authoritative meta tag\nFetching https://golang.org/x/net?go-get=1\n[0m[91mParsing meta tags from https://golang.org/x/net?go-get=1 (status code 200)\n[0m[91mgolang.org/x/net (download)\n[0m[91mgithub.com/rs/cors (download)\n[0m[91mgithub.com/rs/xhandler (download)\n[0m[91mFetching https://gopkg.in/mgo.v2?go-get=1\n[0m[91mParsing meta tags from https://gopkg.in/mgo.v2?go-get=1 (status code 200)\nget \"gopkg.in/mgo.v2\": found meta tag main.metaImport{Prefix:\"gopkg.in/mgo.v2\", VCS:\"git\", RepoRoot:\"https://gopkg.in/mgo.v2\"} at https://gopkg.in/mgo.v2?go-get=1\ngopkg.in/mgo.v2 (download)\n[0m[91mFetching https://gopkg.in/mgo.v2/bson?go-get=1\n[0m[91mParsing meta tags from https://gopkg.in/mgo.v2/bson?go-get=1 (status code 200)\n[0m[91mget \"gopkg.in/mgo.v2/bson\": found meta tag main.metaImport{Prefix:\"gopkg.in/mgo.v2\", VCS:\"git\", RepoRoot:\"https://gopkg.in/mgo.v2\"} at https://gopkg.in/mgo.v2/bson?go-get=1\n[0m[91mget \"gopkg.in/mgo.v2/bson\": verifying non-authoritative meta tag\nFetching https://gopkg.in/mgo.v2?go-get=1\n[0m[91mParsing meta tags from https://gopkg.in/mgo.v2?go-get=1 (status code 200)\n[0m[91mgithub.com/boltdb/bolt (download)\n[0m ---> 00a7d6100f99\nRemoving intermediate container b669e8e2d263\nStep 6 : RUN go build -o deepshare2d /go/src/github.com/MISingularity/deepshare2/cmd/deepshared/main.go\n ---> Running in d8d5f51a8980\n ---> 1e2c7f628e44\nRemoving intermediate container d8d5f51a8980\nStep 7 : CMD /go/src/github.com/MISingularity/deepshare2/deepshare2d\n ---> Running in 9fa356aba4ba\n ---> 3c2ec8d0c3cd\nRemoving intermediate container 9fa356aba4ba\nStep 8 : EXPOSE 8080\n ---> Running in 3c2ef722e326\n ---> eb070854f699\nRemoving intermediate container 3c2ef722e326\nSuccessfully built eb070854f699\nThe push refers to a repository [r.fds.so:5000/deepshare2-staging] (len: 1)\neb070854f699: Preparing\neb070854f699: Pushing\neb070854f699: Pushed\n3c2ec8d0c3cd: Preparing\n3c2ec8d0c3cd: Pushing\n3c2ec8d0c3cd: Pushed\n1e2c7f628e44: Preparing\n1e2c7f628e44: Pushing\n1e2c7f628e44: Pushed\n00a7d6100f99: Preparing\n00a7d6100f99: Pushing\n00a7d6100f99: Pushed\nbfd70bc7cce1: Preparing\nbfd70bc7cce1: Pushing\nbfd70bc7cce1: Pushed\n602250d2eec7: Preparing\n602250d2eec7: Pushing\n602250d2eec7: Pushed\n30d29ccde4e8: Image already exists\n9f50c49eb0f2: Image already exists\nbcde7645aea4: Image already exists\ne24428725dd6: Image already exists\n1796d1c62d0c: Image already exists\n0bf056161913: Image already exists\n201603090804: digest: sha256:7fbd75a9db59bb0f8ad5179a41a3cd10d2c0717644868413e05006fa267d65bc size: 35172\'',1457510848),(207,11,57,1,24,'\'ssh  -T  -p 22 -q -o UserKnownHostsFile=/dev/null -o StrictHostKeyChecking=no docker@qdu.cloudapp.net \" mkdir -p /mnt/www/staging/deepshare2/deepshare2/20160309-170642 \"\'',825,'\'qdu.cloudapp.net : bash: warning: setlocale: LC_ALL: cannot change locale (zh_CN.UTF-8)\'',1457514403),(208,11,57,1,40,'\'\'',1,'NULL',1457514403),(209,11,57,1,53,'\'cd /data/deploy/repo/staging/deepshare2/simu/deepshare2-20160309-170642  && /usr/bin/env git reset -q --hard 1cef0fc\'',688,'\'\'',1457514404),(210,11,57,1,64,'\'\'',0,'NULL',1457514404),(211,11,57,1,78,'\'rsync -avzq --rsh=\"ssh -q -o UserKnownHostsFile=/dev/null -o StrictHostKeyChecking=no -p 22\"  /data/deploy/repo/staging/deepshare2/simu/deepshare2-20160309-170642/ docker@qdu.cloudapp.net:/mnt/www/staging/deepshare2/deepshare2/20160309-170642\'',1640,'\'bash: warning: setlocale: LC_ALL: cannot change locale (zh_CN.UTF-8)\'',1457514406),(212,11,57,1,100,'\'ssh  -T  -p 22 -q -o UserKnownHostsFile=/dev/null -o StrictHostKeyChecking=no docker@qdu.cloudapp.net \" ln -sfn /mnt/www/staging/deepshare2/deepshare2/20160309-170642 /mnt/www/staging/deepshare2/deepshare2/current-deepshare2.tmp && mv -fT /mnt/www/staging/deepshare2/deepshare2/current-deepshare2.tmp /mnt/staging/deepshare2 && source /etc/profile && cd /mnt/www/staging/deepshare2/deepshare2/20160309-170642 && bash /mnt/staging/deepshare2_staging_image_build.sh \"\'',268090,'\'qdu.cloudapp.net : bash: warning: setlocale: LC_ALL: cannot change locale (zh_CN.UTF-8)\nbash: warning: setlocale: LC_ALL: cannot change locale (zh_CN.UTF-8)\nSending build context to Docker daemon 557.1 kB\rSending build context to Docker daemon 1.114 MB\rSending build context to Docker daemon 1.671 MB\rSending build context to Docker daemon 2.228 MB\rSending build context to Docker daemon 2.785 MB\rSending build context to Docker daemon 3.342 MB\rSending build context to Docker daemon 3.899 MB\rSending build context to Docker daemon 4.456 MB\rSending build context to Docker daemon 5.014 MB\rSending build context to Docker daemon 5.571 MB\rSending build context to Docker daemon 6.095 MB\rSending build context to Docker daemon 6.652 MB\rSending build context to Docker daemon 7.196 MB\rSending build context to Docker daemon 7.733 MB\rSending build context to Docker daemon  8.29 MB\rSending build context to Docker daemon 8.815 MB\rSending build context to Docker daemon 9.004 MB\rSending build context to Docker daemon 9.004 MB\nStep 1 : FROM r.fds.so:5000/golang1.5.3\n ---> abbbd1c355d9\nStep 2 : RUN apt-get update && apt-get install -y --no-install-recommends vim\n ---> Using cache\n ---> 30d29ccde4e8\nStep 3 : ADD . /go/src/github.com/MISingularity/deepshare2\n ---> 250e67367891\nRemoving intermediate container bdae0ff7d66d\nStep 4 : WORKDIR /go/src/github.com/MISingularity/deepshare2\n ---> Running in 84dfeed510cc\n ---> c533890b9935\nRemoving intermediate container 84dfeed510cc\nStep 5 : RUN go get -v -d ./...\n ---> Running in 6334eb99eb38\n[91mgithub.com/MISingularity/uap-go (download)\n[0m[91mFetching https://gopkg.in/yaml.v2?go-get=1\n[0m[91mParsing meta tags from https://gopkg.in/yaml.v2?go-get=1 (status code 200)\n[0m[91mget \"gopkg.in/yaml.v2\": found meta tag main.metaImport{Prefix:\"gopkg.in/yaml.v2\", VCS:\"git\", RepoRoot:\"https://gopkg.in/yaml.v2\"} at https://gopkg.in/yaml.v2?go-get=1\n[0m[91mgopkg.in/yaml.v2 (download)\n[0m[91mgithub.com/nsqio/go-nsq (download)\n[0m[91mgithub.com/mreiferson/go-snappystream (download)\n[0m[91mFetching https://gopkg.in/redis.v3?go-get=1\n[0m[91mParsing meta tags from https://gopkg.in/redis.v3?go-get=1 (status code 200)\n[0m[91mget \"gopkg.in/redis.v3\": found meta tag main.metaImport{Prefix:\"gopkg.in/redis.v3\", VCS:\"git\", RepoRoot:\"https://gopkg.in/redis.v3\"} at https://gopkg.in/redis.v3?go-get=1\ngopkg.in/redis.v3 (download)\n[0m[91mFetching https://gopkg.in/bsm/ratelimit.v1?go-get=1\n[0m[91mParsing meta tags from https://gopkg.in/bsm/ratelimit.v1?go-get=1 (status code 200)\nget \"gopkg.in/bsm/ratelimit.v1\": found meta tag main.metaImport{Prefix:\"gopkg.in/bsm/ratelimit.v1\", VCS:\"git\", RepoRoot:\"https://gopkg.in/bsm/ratelimit.v1\"} at https://gopkg.in/bsm/ratelimit.v1?go-get=1\ngopkg.in/bsm/ratelimit.v1 (download)\n[0m[91mgithub.com/prometheus/client_golang (download)\n[0m[91mgithub.com/beorn7/perks (download)\n[0m[91mgithub.com/golang/protobuf (download)\n[0m[91mgithub.com/prometheus/client_model (download)\n[0m[91mgithub.com/prometheus/common (download)\n[0m[91mgithub.com/matttproud/golang_protobuf_extensions (download)\n[0m[91mgithub.com/prometheus/procfs (download)\n[0m[91mFetching https://golang.org/x/net/context?go-get=1\n[0m[91mParsing meta tags from https://golang.org/x/net/context?go-get=1 (status code 200)\n[0m[91mget \"golang.org/x/net/context\": found meta tag main.metaImport{Prefix:\"golang.org/x/net\", VCS:\"git\", RepoRoot:\"https://go.googlesource.com/net\"} at https://golang.org/x/net/context?go-get=1\nget \"golang.org/x/net/context\": verifying non-authoritative meta tag\nFetching https://golang.org/x/net?go-get=1\n[0m[91mParsing meta tags from https://golang.org/x/net?go-get=1 (status code 200)\n[0m[91mgolang.org/x/net (download)\n[0m[91mgithub.com/rs/cors (download)\n[0m[91mgithub.com/rs/xhandler (download)\n[0m[91mFetching https://gopkg.in/mgo.v2?go-get=1\n[0m[91mParsing meta tags from https://gopkg.in/mgo.v2?go-get=1 (status code 200)\n[0m[91mget \"gopkg.in/mgo.v2\": found meta tag main.metaImport{Prefix:\"gopkg.in/mgo.v2\", VCS:\"git\", RepoRoot:\"https://gopkg.in/mgo.v2\"} at https://gopkg.in/mgo.v2?go-get=1\n[0m[91mgopkg.in/mgo.v2 (download)\n[0m[91mFetching https://gopkg.in/mgo.v2/bson?go-get=1\n[0m[91mParsing meta tags from https://gopkg.in/mgo.v2/bson?go-get=1 (status code 200)\nget \"gopkg.in/mgo.v2/bson\": found meta tag main.metaImport{Prefix:\"gopkg.in/mgo.v2\", VCS:\"git\", RepoRoot:\"https://gopkg.in/mgo.v2\"} at https://gopkg.in/mgo.v2/bson?go-get=1\nget \"gopkg.in/mgo.v2/bson\": verifying non-authoritative meta tag\nFetching https://gopkg.in/mgo.v2?go-get=1\n[0m[91mParsing meta tags from https://gopkg.in/mgo.v2?go-get=1 (status code 200)\n[0m[91mgithub.com/boltdb/bolt (download)\n[0m ---> 5446ac893f86\nRemoving intermediate container 6334eb99eb38\nStep 6 : RUN go build -o deepshare2d /go/src/github.com/MISingularity/deepshare2/cmd/deepshared/main.go\n ---> Running in ed3024feceb8\n ---> 0701630d1466\nRemoving intermediate container ed3024feceb8\nStep 7 : CMD /go/src/github.com/MISingularity/deepshare2/deepshare2d\n ---> Running in b246c535d887\n ---> 06526a7aa599\nRemoving intermediate container b246c535d887\nStep 8 : EXPOSE 8080\n ---> Running in 7cc3ebcd0eff\n ---> 1d4151361e21\nRemoving intermediate container 7cc3ebcd0eff\nSuccessfully built 1d4151361e21\nThe push refers to a repository [r.fds.so:5000/deepshare2-staging] (len: 1)\n1d4151361e21: Preparing\n1d4151361e21: Pushing\n1d4151361e21: Pushed\n06526a7aa599: Preparing\n06526a7aa599: Pushing\n06526a7aa599: Pushed\n0701630d1466: Preparing\n0701630d1466: Pushing\n0701630d1466: Pushed\n5446ac893f86: Preparing\n5446ac893f86: Pushing\n5446ac893f86: Pushed\nc533890b9935: Preparing\nc533890b9935: Pushing\nc533890b9935: Pushed\n250e67367891: Preparing\n250e67367891: Pushing\n250e67367891: Pushed\n30d29ccde4e8: Image already exists\n9f50c49eb0f2: Image already exists\nbcde7645aea4: Image already exists\ne24428725dd6: Image already exists\n1796d1c62d0c: Image already exists\n0bf056161913: Image already exists\n201603090906: digest: sha256:56dcac3596b8f981cff80cd57d010866b15c11493b30265ce0c75f1373c64a96 size: 35172\nFound existing update in progress (deepshare2-appcookie-dc7f39b42be02dc1ab170351fa1e332a), resuming.\nCreated deepshare2-appinfo-3938327a00f29f7f5622bf0c823a36a6\nScaling up deepshare2-appinfo-3938327a00f29f7f5622bf0c823a36a6 from 0 to 1, scaling down deepshare2-appinfo from 1 to 0 (keep 1 pods available, don\\\'t exceed 2 pods)\nScaling deepshare2-appinfo-3938327a00f29f7f5622bf0c823a36a6 up to 1\nCreated deepshare2-counter-55a45fa37a79858c642424a291d892ab\nScaling up deepshare2-counter-55a45fa37a79858c642424a291d892ab from 0 to 1, scaling down deepshare2-counter from 1 to 0 (keep 1 pods available, don\\\'t exceed 2 pods)\nScaling deepshare2-counter-55a45fa37a79858c642424a291d892ab up to 1\nContinuing update with existing controller deepshare2-appcookie-dc7f39b42be02dc1ab170351fa1e332a.\nScaling up deepshare2-appcookie-dc7f39b42be02dc1ab170351fa1e332a from 1 to 1, scaling down deepshare2-appcookie from 1 to 0 (keep 1 pods available, don\\\'t exceed 2 pods)\nCreated deepshare2-cookie-09efa44a0f1def524aae5e10e066bee8\nScaling up deepshare2-cookie-09efa44a0f1def524aae5e10e066bee8 from 0 to 1, scaling down deepshare2-cookie from 1 to 0 (keep 1 pods available, don\\\'t exceed 2 pods)\nScaling deepshare2-cookie-09efa44a0f1def524aae5e10e066bee8 up to 1\nCreated deepshare2-dsusage-e09bbc18dea9b54a4f42e572ea894952\nScaling up deepshare2-dsusage-e09bbc18dea9b54a4f42e572ea894952 from 0 to 1, scaling down deepshare2-dsusage from 1 to 0 (keep 1 pods available, don\\\'t exceed 2 pods)\nScaling deepshare2-dsusage-e09bbc18dea9b54a4f42e572ea894952 up to 1\nCreated deepshare2-sharelink-f90d6b1713e853238a7e5c1c719d7334\nScaling up deepshare2-sharelink-f90d6b1713e853238a7e5c1c719d7334 from 0 to 1, scaling down deepshare2-sharelink from 1 to 0 (keep 1 pods available, don\\\'t exceed 2 pods)\nScaling deepshare2-sharelink-f90d6b1713e853238a7e5c1c719d7334 up to 1\nCreated deepshare2-dsaction-cd5f0f6cfe8b7dba13e6be496d5eb2cd\nScaling up deepshare2-dsaction-cd5f0f6cfe8b7dba13e6be496d5eb2cd from 0 to 1, scaling down deepshare2-dsaction from 1 to 0 (keep 1 pods available, don\\\'t exceed 2 pods)\nScaling deepshare2-dsaction-cd5f0f6cfe8b7dba13e6be496d5eb2cd up to 1\nCreated deepshare2-match-d1ce9a76397275a9a709acd1263feac3\nScaling up deepshare2-match-d1ce9a76397275a9a709acd1263feac3 from 0 to 1, scaling down deepshare2-match from 1 to 0 (keep 1 pods available, don\\\'t exceed 2 pods)\nScaling deepshare2-match-d1ce9a76397275a9a709acd1263feac3 up to 1\nCreated deepshare2-inappdata-e5387774e01d749386a567e1c5d2b97b\nScaling up deepshare2-inappdata-e5387774e01d749386a567e1c5d2b97b from 0 to 1, scaling down deepshare2-inappdata from 1 to 0 (keep 1 pods available, don\\\'t exceed 2 pods)\nScaling deepshare2-inappdata-e5387774e01d749386a567e1c5d2b97b up to 1\nCreated deepshare2-genurl-6a89fad255632e4e550f22db45fdc789\nScaling up deepshare2-genurl-6a89fad255632e4e550f22db45fdc789 from 0 to 1, scaling down deepshare2-genurl from 1 to 0 (keep 1 pods available, don\\\'t exceed 2 pods)\nScaling deepshare2-genurl-6a89fad255632e4e550f22db45fdc789 up to 1\nCreated deepshare2-bind-f394b3c96d9ff6308ede1c57e64bd027\nScaling up deepshare2-bind-f394b3c96d9ff6308ede1c57e64bd027 from 0 to 1, scaling down deepshare2-bind from 1 to 0 (keep 1 pods available, don\\\'t exceed 2 pods)\nScaling deepshare2-bind-f394b3c96d9ff6308ede1c57e64bd027 up to 1\nScaling deepshare2-appcookie down to 0\nScaling deepshare2-appinfo down to 0\nScaling deepshare2-counter down to 0\nScaling deepshare2-cookie down to 0\nScaling deepshare2-dsusage down to 0\nScaling deepshare2-bind down to 0\nScaling deepshare2-genurl down to 0\nScaling deepshare2-match down to 0\nScaling deepshare2-inappdata down to 0\nScaling deepshare2-sharelink down to 0\nScaling deepshare2-dsaction down to 0\nUpdate succeeded. Deleting old controller: deepshare2-appcookie\nRenaming deepshare2-appcookie-dc7f39b42be02dc1ab170351fa1e332a to deepshare2-appcookie\nreplicationcontroller \"deepshare2-appcookie\" rolling updated\nUpdate succeeded. Deleting old controller: deepshare2-counter\nUpdate succeeded. Deleting old controller: deepshare2-appinfo\nUpdate succeeded. Deleting old controller: deepshare2-cookie\nRenaming deepshare2-counter-55a45fa37a79858c642424a291d892ab to deepshare2-counter\nRenaming deepshare2-appinfo-3938327a00f29f7f5622bf0c823a36a6 to deepshare2-appinfo\nRenaming deepshare2-cookie-09efa44a0f1def524aae5e10e066bee8 to deepshare2-cookie\nreplicationcontroller \"deepshare2-counter\" rolling updated\nreplicationcontroller \"deepshare2-appinfo\" rolling updated\nreplicationcontroller \"deepshare2-cookie\" rolling updated\nUpdate succeeded. Deleting old controller: deepshare2-dsusage\nRenaming deepshare2-dsusage-e09bbc18dea9b54a4f42e572ea894952 to deepshare2-dsusage\nreplicationcontroller \"deepshare2-dsusage\" rolling updated\nUpdate succeeded. Deleting old controller: deepshare2-bind\nUpdate succeeded. Deleting old controller: deepshare2-sharelink\nUpdate succeeded. Deleting old controller: deepshare2-inappdata\nUpdate succeeded. Deleting old controller: deepshare2-match\nUpdate succeeded. Deleting old controller: deepshare2-dsaction\nUpdate succeeded. Deleting old controller: deepshare2-genurl\nRenaming deepshare2-bind-f394b3c96d9ff6308ede1c57e64bd027 to deepshare2-bind\nRenaming deepshare2-sharelink-f90d6b1713e853238a7e5c1c719d7334 to deepshare2-sharelink\nRenaming deepshare2-genurl-6a89fad255632e4e550f22db45fdc789 to deepshare2-genurl\nRenaming deepshare2-dsaction-cd5f0f6cfe8b7dba13e6be496d5eb2cd to deepshare2-dsaction\nRenaming deepshare2-match-d1ce9a76397275a9a709acd1263feac3 to deepshare2-match\nRenaming deepshare2-inappdata-e5387774e01d749386a567e1c5d2b97b to deepshare2-inappdata\nreplicationcontroller \"deepshare2-bind\" rolling updated\nreplicationcontroller \"deepshare2-sharelink\" rolling updated\nreplicationcontroller \"deepshare2-dsaction\" rolling updated\nreplicationcontroller \"deepshare2-genurl\" rolling updated\nreplicationcontroller \"deepshare2-match\" rolling updated\nreplicationcontroller \"deepshare2-inappdata\" rolling updated\'',1457514674),(255,12,58,1,24,'\'ssh  -T  -p 2234 -q -o UserKnownHostsFile=/dev/null -o StrictHostKeyChecking=no core@139.217.25.52 \" mkdir -p /mnt/resource/origin_deepshare_website/deepshare_website/deepshare_website/20160309-184059 \"\'',2941,'\'139.217.25.52:2234 : \'',1457520062),(256,12,58,1,40,'\'\'',0,'NULL',1457520062),(257,12,58,1,53,'\'cd /data/deploy/repo/staging/deepshare_website/simu/deepshare_website-20160309-184059  && /usr/bin/env git reset -q --hard 2d5b868\'',3285,'\'\'',1457520065),(258,12,58,1,64,'\'\'',0,'NULL',1457520065),(259,12,58,1,78,'\'rsync -avzq --rsh=\"ssh -q -o UserKnownHostsFile=/dev/null -o StrictHostKeyChecking=no -p 2234\"  /data/deploy/repo/staging/deepshare_website/simu/deepshare_website-20160309-184059/ core@139.217.25.52:/mnt/resource/origin_deepshare_website/deepshare_website/deepshare_website/20160309-184059\'',24527,'\'\'',1457520090),(260,12,58,1,100,'\'ssh  -T  -p 2234 -q -o UserKnownHostsFile=/dev/null -o StrictHostKeyChecking=no core@139.217.25.52 \" ln -sfn /mnt/resource/origin_deepshare_website/deepshare_website/deepshare_website/20160309-184059 /mnt/resource/origin_deepshare_website/deepshare_website/deepshare_website/current-deepshare_website.tmp && mv -fT /mnt/resource/origin_deepshare_website/deepshare_website/deepshare_website/current-deepshare_website.tmp /mnt/resource/deepshare_website \"\'',2433,'\'139.217.25.52:2234 : \'',1457520092),(273,11,59,1,24,'\'ssh  -T  -p 22 -q -o UserKnownHostsFile=/dev/null -o StrictHostKeyChecking=no docker@qdu.cloudapp.net \" mkdir -p /mnt/www/prod/deepshare2/deepshare2/20160309-192336 \"\'',889,'\'qdu.cloudapp.net : bash: warning: setlocale: LC_ALL: cannot change locale (zh_CN.UTF-8)\'',1457522617),(274,11,59,1,40,'\'\'',0,'NULL',1457522617),(275,11,59,1,53,'\'cd /data/deploy/repo/prod/deepshare2/prod/deepshare2-20160309-192336  && /usr/bin/env git reset -q --hard 20160309-customised-download-url\'',961,'\'\'',1457522618),(276,11,59,1,64,'\'\'',0,'NULL',1457522618),(277,11,59,1,78,'\'rsync -avzq --rsh=\"ssh -q -o UserKnownHostsFile=/dev/null -o StrictHostKeyChecking=no -p 22\"  /data/deploy/repo/prod/deepshare2/prod/deepshare2-20160309-192336/ docker@qdu.cloudapp.net:/mnt/www/prod/deepshare2/deepshare2/20160309-192336\'',1546,'\'bash: warning: setlocale: LC_ALL: cannot change locale (zh_CN.UTF-8)\'',1457522620),(278,11,59,0,100,'\'ssh  -T  -p 22 -q -o UserKnownHostsFile=/dev/null -o StrictHostKeyChecking=no docker@qdu.cloudapp.net \" ln -sfn /mnt/www/prod/deepshare2/deepshare2/20160309-192336 /mnt/www/prod/deepshare2/deepshare2/current-deepshare2.tmp && mv -fT /mnt/www/prod/deepshare2/deepshare2/current-deepshare2.tmp /mnt/prod/deepshare2/ \"\'',816,'\'qdu.cloudapp.net : bash: warning: setlocale: LC_ALL: cannot change locale (zh_CN.UTF-8)\nmv: cannot overwrite directory \\\'/mnt/prod/deepshare2/\\\' with non-directory\'',1457522621),(297,11,60,1,24,'\'ssh  -T  -p 22 -q -o UserKnownHostsFile=/dev/null -o StrictHostKeyChecking=no docker@qdu.cloudapp.net \" mkdir -p /mnt/www/prod/deepshare2/deepshare2/20160309-193349 \"\'',859,'\'qdu.cloudapp.net : bash: warning: setlocale: LC_ALL: cannot change locale (zh_CN.UTF-8)\'',1457523229),(298,11,60,1,40,'\'\'',0,'NULL',1457523229),(299,11,60,1,53,'\'cd /data/deploy/repo/prod/deepshare2/prod/deepshare2-20160309-193349  && /usr/bin/env git reset -q --hard 20160309-customised-download-url\'',848,'\'\'',1457523230),(300,11,60,1,64,'\'\'',0,'NULL',1457523230),(301,11,60,1,78,'\'rsync -avzq --rsh=\"ssh -q -o UserKnownHostsFile=/dev/null -o StrictHostKeyChecking=no -p 22\"  /data/deploy/repo/prod/deepshare2/prod/deepshare2-20160309-193349/ docker@qdu.cloudapp.net:/mnt/www/prod/deepshare2/deepshare2/20160309-193349\'',1611,'\'bash: warning: setlocale: LC_ALL: cannot change locale (zh_CN.UTF-8)\'',1457523232),(302,11,60,1,100,'\'ssh  -T  -p 22 -q -o UserKnownHostsFile=/dev/null -o StrictHostKeyChecking=no docker@qdu.cloudapp.net \" ln -sfn /mnt/www/prod/deepshare2/deepshare2/20160309-193349 /mnt/www/prod/deepshare2/deepshare2/current-deepshare2.tmp && mv -fT /mnt/www/prod/deepshare2/deepshare2/current-deepshare2.tmp /mnt/prod/deepshare2 && source /etc/profile && cd /mnt/www/prod/deepshare2/deepshare2/20160309-193349 && bash /mnt/prod/deepshare2_staging_image_build.sh \"\'',883125,'\'qdu.cloudapp.net : bash: warning: setlocale: LC_ALL: cannot change locale (zh_CN.UTF-8)\nbash: warning: setlocale: LC_ALL: cannot change locale (zh_CN.UTF-8)\nSending build context to Docker daemon 557.1 kB\rSending build context to Docker daemon 1.114 MB\rSending build context to Docker daemon 1.671 MB\rSending build context to Docker daemon 2.228 MB\rSending build context to Docker daemon 2.785 MB\rSending build context to Docker daemon 3.342 MB\rSending build context to Docker daemon 3.899 MB\rSending build context to Docker daemon 4.456 MB\rSending build context to Docker daemon 5.014 MB\rSending build context to Docker daemon 5.571 MB\rSending build context to Docker daemon 6.128 MB\rSending build context to Docker daemon 6.685 MB\rSending build context to Docker daemon 7.242 MB\rSending build context to Docker daemon 7.797 MB\rSending build context to Docker daemon 8.323 MB\rSending build context to Docker daemon 8.849 MB\rSending build context to Docker daemon 9.055 MB\rSending build context to Docker daemon 9.055 MB\nStep 1 : FROM r.fds.so:5000/golang1.5.3\n ---> abbbd1c355d9\nStep 2 : RUN apt-get update && apt-get install -y --no-install-recommends vim\n ---> Using cache\n ---> 30d29ccde4e8\nStep 3 : ADD . /go/src/github.com/MISingularity/deepshare2\n ---> c851de50bba6\nRemoving intermediate container bdaac1d3173e\nStep 4 : WORKDIR /go/src/github.com/MISingularity/deepshare2\n ---> Running in 7dcbd85a2ea5\n ---> 513f1393fae1\nRemoving intermediate container 7dcbd85a2ea5\nStep 5 : RUN go get -v -d ./...\n ---> Running in 7e38365d4d03\n[91mgithub.com/MISingularity/uap-go (download)\n[0m[91mFetching https://gopkg.in/yaml.v2?go-get=1\n[0m[91mParsing meta tags from https://gopkg.in/yaml.v2?go-get=1 (status code 200)\n[0m[91mget \"gopkg.in/yaml.v2\": found meta tag main.metaImport{Prefix:\"gopkg.in/yaml.v2\", VCS:\"git\", RepoRoot:\"https://gopkg.in/yaml.v2\"} at https://gopkg.in/yaml.v2?go-get=1\n[0m[91mgopkg.in/yaml.v2 (download)\n[0m[91mgithub.com/nsqio/go-nsq (download)\n[0m[91mgithub.com/mreiferson/go-snappystream (download)\n[0m[91mFetching https://gopkg.in/redis.v3?go-get=1\n[0m[91mParsing meta tags from https://gopkg.in/redis.v3?go-get=1 (status code 200)\nget \"gopkg.in/redis.v3\": found meta tag main.metaImport{Prefix:\"gopkg.in/redis.v3\", VCS:\"git\", RepoRoot:\"https://gopkg.in/redis.v3\"} at https://gopkg.in/redis.v3?go-get=1\ngopkg.in/redis.v3 (download)\n[0m[91mFetching https://gopkg.in/bsm/ratelimit.v1?go-get=1\n[0m[91mParsing meta tags from https://gopkg.in/bsm/ratelimit.v1?go-get=1 (status code 200)\n[0m[91mget \"gopkg.in/bsm/ratelimit.v1\": found meta tag main.metaImport{Prefix:\"gopkg.in/bsm/ratelimit.v1\", VCS:\"git\", RepoRoot:\"https://gopkg.in/bsm/ratelimit.v1\"} at https://gopkg.in/bsm/ratelimit.v1?go-get=1\n[0m[91mgopkg.in/bsm/ratelimit.v1 (download)\n[0m[91mgithub.com/prometheus/client_golang (download)\n[0m[91mgithub.com/beorn7/perks (download)\n[0m[91mgithub.com/golang/protobuf (download)\n[0m[91mgithub.com/prometheus/client_model (download)\n[0m[91mgithub.com/prometheus/common (download)\n[0m[91mgithub.com/matttproud/golang_protobuf_extensions (download)\n[0m[91mgithub.com/prometheus/procfs (download)\n[0m[91mFetching https://golang.org/x/net/context?go-get=1\n[0m[91mParsing meta tags from https://golang.org/x/net/context?go-get=1 (status code 200)\n[0m[91mget \"golang.org/x/net/context\": found meta tag main.metaImport{Prefix:\"golang.org/x/net\", VCS:\"git\", RepoRoot:\"https://go.googlesource.com/net\"} at https://golang.org/x/net/context?go-get=1\nget \"golang.org/x/net/context\": verifying non-authoritative meta tag\n[0m[91mFetching https://golang.org/x/net?go-get=1\n[0m[91mParsing meta tags from https://golang.org/x/net?go-get=1 (status code 200)\n[0m[91mgolang.org/x/net (download)\n[0m[91mgithub.com/rs/cors (download)\n[0m[91mgithub.com/rs/xhandler (download)\n[0m[91mFetching https://gopkg.in/mgo.v2?go-get=1\n[0m[91mParsing meta tags from https://gopkg.in/mgo.v2?go-get=1 (status code 200)\n[0m[91mget \"gopkg.in/mgo.v2\": found meta tag main.metaImport{Prefix:\"gopkg.in/mgo.v2\", VCS:\"git\", RepoRoot:\"https://gopkg.in/mgo.v2\"} at https://gopkg.in/mgo.v2?go-get=1\n[0m[91mgopkg.in/mgo.v2 (download)\n[0m[91mFetching https://gopkg.in/mgo.v2/bson?go-get=1\n[0m[91mParsing meta tags from https://gopkg.in/mgo.v2/bson?go-get=1 (status code 200)\n[0m[91mget \"gopkg.in/mgo.v2/bson\": found meta tag main.metaImport{Prefix:\"gopkg.in/mgo.v2\", VCS:\"git\", RepoRoot:\"https://gopkg.in/mgo.v2\"} at https://gopkg.in/mgo.v2/bson?go-get=1\nget \"gopkg.in/mgo.v2/bson\": verifying non-authoritative meta tag\nFetching https://gopkg.in/mgo.v2?go-get=1\n[0m[91mParsing meta tags from https://gopkg.in/mgo.v2?go-get=1 (status code 200)\n[0m[91mgithub.com/boltdb/bolt (download)\n[0m ---> 9bdb0274a350\nRemoving intermediate container 7e38365d4d03\nStep 6 : RUN go build -o deepshare2d /go/src/github.com/MISingularity/deepshare2/cmd/deepshared/main.go\n ---> Running in 00a5cec88a11\n ---> 1363f6898ee9\nRemoving intermediate container 00a5cec88a11\nStep 7 : CMD /go/src/github.com/MISingularity/deepshare2/deepshare2d\n ---> Running in 2089c1cc0046\n ---> 7c72328f1ba5\nRemoving intermediate container 2089c1cc0046\nStep 8 : EXPOSE 8080\n ---> Running in c46882c5aae5\n ---> 66baab439743\nRemoving intermediate container c46882c5aae5\nSuccessfully built 66baab439743\nThe push refers to a repository [r.fds.so:5000/deepshare2] (len: 1)\n66baab439743: Preparing\n66baab439743: Pushing\n66baab439743: Pushed\n7c72328f1ba5: Preparing\n7c72328f1ba5: Pushing\n7c72328f1ba5: Pushed\n1363f6898ee9: Preparing\n1363f6898ee9: Pushing\n1363f6898ee9: Pushed\n9bdb0274a350: Preparing\n9bdb0274a350: Pushing\n9bdb0274a350: Pushed\n513f1393fae1: Preparing\n513f1393fae1: Pushing\n513f1393fae1: Pushed\nc851de50bba6: Preparing\nc851de50bba6: Pushing\nc851de50bba6: Pushed\n30d29ccde4e8: Image already exists\n9f50c49eb0f2: Image already exists\nbcde7645aea4: Image already exists\ne24428725dd6: Image already exists\n1796d1c62d0c: Image already exists\n0bf056161913: Image already exists\n201603091133: digest: sha256:5a0017132e4d22e7895b77cdb2c3c6afc5bbc0ee9ad76d517b066a74a4fea166 size: 35164\nCreated deepshare2-dsusage-b756901d3a54398260d62aadd03f5b9d\nScaling up deepshare2-dsusage-b756901d3a54398260d62aadd03f5b9d from 0 to 4, scaling down deepshare2-dsusage from 4 to 0 (keep 5 pods available, don\\\'t exceed 6 pods)\nScaling deepshare2-dsusage-b756901d3a54398260d62aadd03f5b9d up to 2\nCreated deepshare2-cookie-da247f1d4a8dfd60c4c3976d9bcc3d1e\nScaling up deepshare2-cookie-da247f1d4a8dfd60c4c3976d9bcc3d1e from 0 to 5, scaling down deepshare2-cookie from 5 to 0 (keep 5 pods available, don\\\'t exceed 6 pods)\nScaling deepshare2-cookie-da247f1d4a8dfd60c4c3976d9bcc3d1e up to 1\nCreated deepshare2-sharelink-10507cfa284a715eadcc4e27a3ff2edc\nCreated deepshare2-bind-ced1734d613fe70582f7b083899733f6\nScaling up deepshare2-bind-ced1734d613fe70582f7b083899733f6 from 0 to 5, scaling down deepshare2-bind from 5 to 0 (keep 5 pods available, don\\\'t exceed 6 pods)\nScaling deepshare2-bind-ced1734d613fe70582f7b083899733f6 up to 1\nCreated deepshare2-counter-04bf13fdedd47869bcb6afe32fe404dd\nScaling up deepshare2-counter-04bf13fdedd47869bcb6afe32fe404dd from 0 to 4, scaling down deepshare2-counter from 4 to 0 (keep 5 pods available, don\\\'t exceed 6 pods)\nScaling deepshare2-counter-04bf13fdedd47869bcb6afe32fe404dd up to 2\nCreated deepshare2-genurl-1c0878fde656fb85bebad7b3f912a801\nScaling up deepshare2-genurl-1c0878fde656fb85bebad7b3f912a801 from 0 to 5, scaling down deepshare2-genurl from 5 to 0 (keep 5 pods available, don\\\'t exceed 6 pods)\nScaling deepshare2-genurl-1c0878fde656fb85bebad7b3f912a801 up to 1\nCreated deepshare2-appcookie-378e9f1b431140a81f631b9e02fdd1a2\nScaling up deepshare2-appcookie-378e9f1b431140a81f631b9e02fdd1a2 from 0 to 5, scaling down deepshare2-appcookie from 5 to 0 (keep 5 pods available, don\\\'t exceed 6 pods)\nScaling deepshare2-appcookie-378e9f1b431140a81f631b9e02fdd1a2 up to 1\nCreated deepshare2-appinfo-3ce13cc66542aa13686f33db3d80f379\nScaling up deepshare2-appinfo-3ce13cc66542aa13686f33db3d80f379 from 0 to 5, scaling down deepshare2-appinfo from 5 to 0 (keep 5 pods available, don\\\'t exceed 6 pods)\nScaling deepshare2-appinfo-3ce13cc66542aa13686f33db3d80f379 up to 1\nCreated deepshare2-match-111547341e8fa926d4929837004c7056\nScaling up deepshare2-match-111547341e8fa926d4929837004c7056 from 0 to 4, scaling down deepshare2-match from 4 to 0 (keep 5 pods available, don\\\'t exceed 6 pods)\nScaling deepshare2-match-111547341e8fa926d4929837004c7056 up to 2\nCreated deepshare2-inappdata-a44a0e864b3857207744ef5e9c482563\nScaling up deepshare2-inappdata-a44a0e864b3857207744ef5e9c482563 from 0 to 4, scaling down deepshare2-inappdata from 4 to 0 (keep 5 pods available, don\\\'t exceed 6 pods)\nScaling deepshare2-inappdata-a44a0e864b3857207744ef5e9c482563 up to 2\nCreated deepshare2-dsaction-f5a9e16c321dd14b41683b20c0264e96\nScaling up deepshare2-dsaction-f5a9e16c321dd14b41683b20c0264e96 from 0 to 4, scaling down deepshare2-dsaction from 4 to 0 (keep 5 pods available, don\\\'t exceed 6 pods)\nScaling deepshare2-dsaction-f5a9e16c321dd14b41683b20c0264e96 up to 2\nScaling up deepshare2-sharelink-10507cfa284a715eadcc4e27a3ff2edc from 0 to 9, scaling down deepshare2-sharelink from 9 to 0 (keep 9 pods available, don\\\'t exceed 10 pods)\nScaling deepshare2-sharelink-10507cfa284a715eadcc4e27a3ff2edc up to 1\nScaling deepshare2-dsusage down to 3\nScaling deepshare2-genurl down to 4\nScaling deepshare2-bind down to 4\nScaling deepshare2-cookie down to 4\nScaling deepshare2-match down to 3\nScaling deepshare2-inappdata down to 3\nScaling deepshare2-sharelink down to 8\nScaling deepshare2-appinfo down to 4\nScaling deepshare2-dsaction down to 3\nScaling deepshare2-appcookie down to 4\nScaling deepshare2-counter down to 3\nScaling deepshare2-dsusage-b756901d3a54398260d62aadd03f5b9d up to 3\nScaling deepshare2-genurl-1c0878fde656fb85bebad7b3f912a801 up to 2\nScaling deepshare2-bind-ced1734d613fe70582f7b083899733f6 up to 2\nScaling deepshare2-cookie-da247f1d4a8dfd60c4c3976d9bcc3d1e up to 2\nScaling deepshare2-match-111547341e8fa926d4929837004c7056 up to 3\nScaling deepshare2-inappdata-a44a0e864b3857207744ef5e9c482563 up to 3\nScaling deepshare2-sharelink-10507cfa284a715eadcc4e27a3ff2edc up to 2\nScaling deepshare2-appinfo-3ce13cc66542aa13686f33db3d80f379 up to 2\nScaling deepshare2-dsaction-f5a9e16c321dd14b41683b20c0264e96 up to 3\nScaling deepshare2-appcookie-378e9f1b431140a81f631b9e02fdd1a2 up to 2\nScaling deepshare2-counter-04bf13fdedd47869bcb6afe32fe404dd up to 3\nScaling deepshare2-dsusage down to 2\nScaling deepshare2-genurl down to 3\nScaling deepshare2-bind down to 3\nScaling deepshare2-cookie down to 3\nScaling deepshare2-dsusage-b756901d3a54398260d62aadd03f5b9d up to 4\nScaling deepshare2-match down to 2\nScaling deepshare2-sharelink down to 7\nScaling deepshare2-inappdata down to 2\nScaling deepshare2-dsaction down to 2\nScaling deepshare2-appcookie down to 3\nScaling deepshare2-appinfo down to 3\nScaling deepshare2-counter down to 2\nScaling deepshare2-genurl-1c0878fde656fb85bebad7b3f912a801 up to 3\nScaling deepshare2-bind-ced1734d613fe70582f7b083899733f6 up to 3\nScaling deepshare2-cookie-da247f1d4a8dfd60c4c3976d9bcc3d1e up to 3\nScaling deepshare2-match-111547341e8fa926d4929837004c7056 up to 4\nScaling deepshare2-sharelink-10507cfa284a715eadcc4e27a3ff2edc up to 3\nScaling deepshare2-inappdata-a44a0e864b3857207744ef5e9c482563 up to 4\nScaling deepshare2-dsaction-f5a9e16c321dd14b41683b20c0264e96 up to 4\nScaling deepshare2-appinfo-3ce13cc66542aa13686f33db3d80f379 up to 3\nScaling deepshare2-counter-04bf13fdedd47869bcb6afe32fe404dd up to 4\nScaling deepshare2-appcookie-378e9f1b431140a81f631b9e02fdd1a2 up to 3\nScaling deepshare2-dsusage down to 0\nScaling deepshare2-genurl down to 2\nScaling deepshare2-cookie down to 2\nScaling deepshare2-bind down to 2\nScaling deepshare2-match down to 0\nUpdate succeeded. Deleting old controller: deepshare2-dsusage\nScaling deepshare2-genurl-1c0878fde656fb85bebad7b3f912a801 up to 4\nRenaming deepshare2-dsusage-b756901d3a54398260d62aadd03f5b9d to deepshare2-dsusage\nScaling deepshare2-inappdata down to 0\nScaling deepshare2-dsaction down to 0\nScaling deepshare2-counter down to 0\nScaling deepshare2-sharelink down to 6\nScaling deepshare2-appcookie down to 2\nScaling deepshare2-appinfo down to 2\nreplicationcontroller \"deepshare2-dsusage\" rolling updated\nScaling deepshare2-bind-ced1734d613fe70582f7b083899733f6 up to 4\nScaling deepshare2-cookie-da247f1d4a8dfd60c4c3976d9bcc3d1e up to 4\nUpdate succeeded. Deleting old controller: deepshare2-match\nScaling deepshare2-appcookie-378e9f1b431140a81f631b9e02fdd1a2 up to 4\nRenaming deepshare2-match-111547341e8fa926d4929837004c7056 to deepshare2-match\nScaling deepshare2-sharelink-10507cfa284a715eadcc4e27a3ff2edc up to 4\nScaling deepshare2-appinfo-3ce13cc66542aa13686f33db3d80f379 up to 4\nreplicationcontroller \"deepshare2-match\" rolling updated\nUpdate succeeded. Deleting old controller: deepshare2-inappdata\nRenaming deepshare2-inappdata-a44a0e864b3857207744ef5e9c482563 to deepshare2-inappdata\nreplicationcontroller \"deepshare2-inappdata\" rolling updated\nUpdate succeeded. Deleting old controller: deepshare2-dsaction\nRenaming deepshare2-dsaction-f5a9e16c321dd14b41683b20c0264e96 to deepshare2-dsaction\nreplicationcontroller \"deepshare2-dsaction\" rolling updated\nUpdate succeeded. Deleting old controller: deepshare2-counter\nRenaming deepshare2-counter-04bf13fdedd47869bcb6afe32fe404dd to deepshare2-counter\nreplicationcontroller \"deepshare2-counter\" rolling updated\nScaling deepshare2-genurl down to 1\nScaling deepshare2-bind down to 1\nScaling deepshare2-cookie down to 1\nScaling deepshare2-genurl-1c0878fde656fb85bebad7b3f912a801 up to 5\nScaling deepshare2-appcookie down to 1\nScaling deepshare2-sharelink down to 5\nScaling deepshare2-appinfo down to 1\nScaling deepshare2-bind-ced1734d613fe70582f7b083899733f6 up to 5\nScaling deepshare2-cookie-da247f1d4a8dfd60c4c3976d9bcc3d1e up to 5\nScaling deepshare2-appcookie-378e9f1b431140a81f631b9e02fdd1a2 up to 5\nScaling deepshare2-sharelink-10507cfa284a715eadcc4e27a3ff2edc up to 5\nScaling deepshare2-appinfo-3ce13cc66542aa13686f33db3d80f379 up to 5\nScaling deepshare2-genurl down to 0\nScaling deepshare2-bind down to 0\nScaling deepshare2-cookie down to 0\nScaling deepshare2-appcookie down to 0\nScaling deepshare2-sharelink down to 4\nScaling deepshare2-appinfo down to 0\nUpdate succeeded. Deleting old controller: deepshare2-genurl\nRenaming deepshare2-genurl-1c0878fde656fb85bebad7b3f912a801 to deepshare2-genurl\nreplicationcontroller \"deepshare2-genurl\" rolling updated\nUpdate succeeded. Deleting old controller: deepshare2-bind\nRenaming deepshare2-bind-ced1734d613fe70582f7b083899733f6 to deepshare2-bind\nUpdate succeeded. Deleting old controller: deepshare2-cookie\nRenaming deepshare2-cookie-da247f1d4a8dfd60c4c3976d9bcc3d1e to deepshare2-cookie\nreplicationcontroller \"deepshare2-bind\" rolling updated\nreplicationcontroller \"deepshare2-cookie\" rolling updated\nScaling deepshare2-sharelink-10507cfa284a715eadcc4e27a3ff2edc up to 6\nUpdate succeeded. Deleting old controller: deepshare2-appcookie\nUpdate succeeded. Deleting old controller: deepshare2-appinfo\nRenaming deepshare2-appcookie-378e9f1b431140a81f631b9e02fdd1a2 to deepshare2-appcookie\nRenaming deepshare2-appinfo-3ce13cc66542aa13686f33db3d80f379 to deepshare2-appinfo\nreplicationcontroller \"deepshare2-appcookie\" rolling updated\nreplicationcontroller \"deepshare2-appinfo\" rolling updated\nScaling deepshare2-sharelink down to 3\nScaling deepshare2-sharelink-10507cfa284a715eadcc4e27a3ff2edc up to 7\nScaling deepshare2-sharelink down to 2\nScaling deepshare2-sharelink-10507cfa284a715eadcc4e27a3ff2edc up to 8\nScaling deepshare2-sharelink down to 1\nScaling deepshare2-sharelink-10507cfa284a715eadcc4e27a3ff2edc up to 9\nScaling deepshare2-sharelink down to 0\nUpdate succeeded. Deleting old controller: deepshare2-sharelink\nRenaming deepshare2-sharelink-10507cfa284a715eadcc4e27a3ff2edc to deepshare2-sharelink\nreplicationcontroller \"deepshare2-sharelink\" rolling updated\'',1457524115),(303,12,61,1,24,'\'ssh  -T  -p 2234 -q -o UserKnownHostsFile=/dev/null -o StrictHostKeyChecking=no core@139.217.25.52 \" mkdir -p /mnt/resource/origin_deepshare_website/deepshare_website/deepshare_website/20160309-195011 \"\'',2892,'\'139.217.25.52:2234 : \'',1457524214),(304,12,61,1,40,'\'\'',0,'NULL',1457524214),(305,12,61,1,53,'\'cd /data/deploy/repo/staging/deepshare_website/simu/deepshare_website-20160309-195011  && /usr/bin/env git reset -q --hard 19131d9\'',1360,'\'\'',1457524215),(306,12,61,1,64,'\'\'',0,'NULL',1457524215),(307,12,61,1,78,'\'rsync -avzq --rsh=\"ssh -q -o UserKnownHostsFile=/dev/null -o StrictHostKeyChecking=no -p 2234\"  /data/deploy/repo/staging/deepshare_website/simu/deepshare_website-20160309-195011/ core@139.217.25.52:/mnt/resource/origin_deepshare_website/deepshare_website/deepshare_website/20160309-195011\'',36943,'\'\'',1457524252),(308,12,61,1,100,'\'ssh  -T  -p 2234 -q -o UserKnownHostsFile=/dev/null -o StrictHostKeyChecking=no core@139.217.25.52 \" ln -sfn /mnt/resource/origin_deepshare_website/deepshare_website/deepshare_website/20160309-195011 /mnt/resource/origin_deepshare_website/deepshare_website/deepshare_website/current-deepshare_website.tmp && mv -fT /mnt/resource/origin_deepshare_website/deepshare_website/deepshare_website/current-deepshare_website.tmp /mnt/resource/deepshare_website \"\'',2443,'\'139.217.25.52:2234 : \'',1457524254),(327,12,62,1,24,'\'ssh  -T  -p 2234 -q -o UserKnownHostsFile=/dev/null -o StrictHostKeyChecking=no core@139.217.25.52 \" mkdir -p /mnt/resource/origin_deepshare_website/deepshare_website/deepshare_website/20160309-202644 \"\'',2816,'\'139.217.25.52:2234 : \'',1457526407),(328,12,62,1,40,'\'\'',0,'NULL',1457526407),(329,12,62,1,53,'\'cd /data/deploy/repo/staging/deepshare_website/simu/deepshare_website-20160309-202644  && /usr/bin/env git reset -q --hard 43a89d9\'',1298,'\'\'',1457526409),(330,12,62,1,64,'\'\'',1,'NULL',1457526409),(331,12,62,1,78,'\'rsync -avzq --rsh=\"ssh -q -o UserKnownHostsFile=/dev/null -o StrictHostKeyChecking=no -p 2234\"  /data/deploy/repo/staging/deepshare_website/simu/deepshare_website-20160309-202644/ core@139.217.25.52:/mnt/resource/origin_deepshare_website/deepshare_website/deepshare_website/20160309-202644\'',26974,'\'\'',1457526436),(332,12,62,1,100,'\'ssh  -T  -p 2234 -q -o UserKnownHostsFile=/dev/null -o StrictHostKeyChecking=no core@139.217.25.52 \" ln -sfn /mnt/resource/origin_deepshare_website/deepshare_website/deepshare_website/20160309-202644 /mnt/resource/origin_deepshare_website/deepshare_website/deepshare_website/current-deepshare_website.tmp && mv -fT /mnt/resource/origin_deepshare_website/deepshare_website/deepshare_website/current-deepshare_website.tmp /mnt/resource/deepshare_website && source /etc/profile && cd /mnt/resource/origin_deepshare_website/deepshare_website/deepshare_website/20160309-202644 && bash /mnt/resource/staging/deepshare2_website_staging.sh \"\'',2956,'\'139.217.25.52:2234 : pod \"deepshare-website-x4064\" deleted\'',1457526439),(333,12,63,1,24,'\'ssh  -T  -p 2234 -q -o UserKnownHostsFile=/dev/null -o StrictHostKeyChecking=no core@139.217.25.52 \" mkdir -p /mnt/resource/origin_deepshare_website/deepshare_website/deepshare_website/20160309-204105 \"\'',2879,'\'139.217.25.52:2234 : \'',1457527268),(334,12,63,1,40,'\'\'',0,'NULL',1457527268),(335,12,63,1,53,'\'cd /data/deploy/repo/staging/deepshare_website/simu/deepshare_website-20160309-204105  && /usr/bin/env git reset -q --hard 43a89d9\'',1290,'\'\'',1457527270),(336,12,63,1,64,'\'\'',0,'NULL',1457527270),(337,12,63,1,78,'\'rsync -avzq --rsh=\"ssh -q -o UserKnownHostsFile=/dev/null -o StrictHostKeyChecking=no -p 2234\"  /data/deploy/repo/staging/deepshare_website/simu/deepshare_website-20160309-204105/ core@139.217.25.52:/mnt/resource/origin_deepshare_website/deepshare_website/deepshare_website/20160309-204105\'',26991,'\'\'',1457527297),(338,12,63,1,100,'\'ssh  -T  -p 2234 -q -o UserKnownHostsFile=/dev/null -o StrictHostKeyChecking=no core@139.217.25.52 \" ln -sfn /mnt/resource/origin_deepshare_website/deepshare_website/deepshare_website/20160309-204105 /mnt/resource/origin_deepshare_website/deepshare_website/deepshare_website/current-deepshare_website.tmp && mv -fT /mnt/resource/origin_deepshare_website/deepshare_website/deepshare_website/current-deepshare_website.tmp /mnt/resource/deepshare_website && source /etc/profile && cd /mnt/resource/origin_deepshare_website/deepshare_website/deepshare_website/20160309-204105 && bash /mnt/resource/staging/deepshare2_website_staging.sh \"\'',3071,'\'139.217.25.52:2234 : pod \"deepshare-website-3wq4c\" deleted\'',1457527300),(339,12,64,1,24,'\'ssh  -T  -p 2234 -q -o UserKnownHostsFile=/dev/null -o StrictHostKeyChecking=no core@139.217.25.52 \" mkdir -p /mnt/resource/origin_deepshare_website/deepshare_website/deepshare_website/20160309-204245 \"\'',2920,'\'139.217.25.52:2234 : \'',1457527368),(340,12,64,1,40,'\'\'',0,'NULL',1457527368),(341,12,64,1,53,'\'cd /data/deploy/repo/staging/deepshare_website/simu/deepshare_website-20160309-204245  && /usr/bin/env git reset -q --hard 43a89d9\'',2177,'\'\'',1457527371),(342,12,64,1,64,'\'\'',0,'NULL',1457527371),(343,12,64,1,78,'\'rsync -avzq --rsh=\"ssh -q -o UserKnownHostsFile=/dev/null -o StrictHostKeyChecking=no -p 2234\"  /data/deploy/repo/staging/deepshare_website/simu/deepshare_website-20160309-204245/ core@139.217.25.52:/mnt/resource/origin_deepshare_website/deepshare_website/deepshare_website/20160309-204245\'',27833,'\'\'',1457527398),(344,12,64,1,100,'\'ssh  -T  -p 2234 -q -o UserKnownHostsFile=/dev/null -o StrictHostKeyChecking=no core@139.217.25.52 \" ln -sfn /mnt/resource/origin_deepshare_website/deepshare_website/deepshare_website/20160309-204245 /mnt/resource/origin_deepshare_website/deepshare_website/deepshare_website/current-deepshare_website.tmp && mv -fT /mnt/resource/origin_deepshare_website/deepshare_website/deepshare_website/current-deepshare_website.tmp /mnt/resource/deepshare_website && source /etc/profile && cd /mnt/resource/origin_deepshare_website/deepshare_website/deepshare_website/20160309-204245 && bash /mnt/resource/staging/deepshare2_website_staging.sh \"\'',2955,'\'139.217.25.52:2234 : pod \"deepshare-website-oregj\" deleted\'',1457527401),(345,12,65,1,24,'\'ssh  -T  -p 2234 -q -o UserKnownHostsFile=/dev/null -o StrictHostKeyChecking=no core@139.217.25.52 \" mkdir -p /mnt/resource/origin_deepshare_website/deepshare_website/deepshare_website/20160309-205215 \"\'',2871,'\'139.217.25.52:2234 : \'',1457527938),(346,12,65,1,40,'\'\'',0,'NULL',1457527938),(347,12,65,1,53,'\'cd /data/deploy/repo/staging/deepshare_website/simu/deepshare_website-20160309-205215  && /usr/bin/env git reset -q --hard 49a2ddb\'',1337,'\'\'',1457527939),(348,12,65,1,64,'\'\'',0,'NULL',1457527939),(349,12,65,1,78,'\'rsync -avzq --rsh=\"ssh -q -o UserKnownHostsFile=/dev/null -o StrictHostKeyChecking=no -p 2234\"  /data/deploy/repo/staging/deepshare_website/simu/deepshare_website-20160309-205215/ core@139.217.25.52:/mnt/resource/origin_deepshare_website/deepshare_website/deepshare_website/20160309-205215\'',28356,'\'\'',1457527967),(350,12,65,1,100,'\'ssh  -T  -p 2234 -q -o UserKnownHostsFile=/dev/null -o StrictHostKeyChecking=no core@139.217.25.52 \" ln -sfn /mnt/resource/origin_deepshare_website/deepshare_website/deepshare_website/20160309-205215 /mnt/resource/origin_deepshare_website/deepshare_website/deepshare_website/current-deepshare_website.tmp && mv -fT /mnt/resource/origin_deepshare_website/deepshare_website/deepshare_website/current-deepshare_website.tmp /mnt/resource/deepshare_website && source /etc/profile && cd /mnt/resource/origin_deepshare_website/deepshare_website/deepshare_website/20160309-205215 && bash /mnt/resource/staging/deepshare2_website_staging.sh \"\'',3158,'\'139.217.25.52:2234 : pod \"deepshare-website-zt7hw\" deleted\'',1457527970),(351,12,66,1,24,'\'ssh  -T  -p 2234 -q -o UserKnownHostsFile=/dev/null -o StrictHostKeyChecking=no core@139.217.25.52 \" mkdir -p /mnt/resource/origin_deepshare_website/deepshare_website/deepshare_website/20160310-001818 \"\'',3143,'\'139.217.25.52:2234 : \'',1457540301),(352,12,66,1,40,'\'\'',0,'NULL',1457540301),(353,12,66,1,53,'\'cd /data/deploy/repo/staging/deepshare_website/simu/deepshare_website-20160310-001818  && /usr/bin/env git reset -q --hard 88212f5\'',1280,'\'\'',1457540302),(354,12,66,1,64,'\'\'',0,'NULL',1457540302),(355,12,66,1,78,'\'rsync -avzq --rsh=\"ssh -q -o UserKnownHostsFile=/dev/null -o StrictHostKeyChecking=no -p 2234\"  /data/deploy/repo/staging/deepshare_website/simu/deepshare_website-20160310-001818/ core@139.217.25.52:/mnt/resource/origin_deepshare_website/deepshare_website/deepshare_website/20160310-001818\'',24930,'\'\'',1457540327),(356,12,66,1,100,'\'ssh  -T  -p 2234 -q -o UserKnownHostsFile=/dev/null -o StrictHostKeyChecking=no core@139.217.25.52 \" ln -sfn /mnt/resource/origin_deepshare_website/deepshare_website/deepshare_website/20160310-001818 /mnt/resource/origin_deepshare_website/deepshare_website/deepshare_website/current-deepshare_website.tmp && mv -fT /mnt/resource/origin_deepshare_website/deepshare_website/deepshare_website/current-deepshare_website.tmp /mnt/resource/deepshare_website && source /etc/profile && cd /mnt/resource/origin_deepshare_website/deepshare_website/deepshare_website/20160310-001818 && bash /mnt/resource/staging/deepshare2_website_staging.sh \"\'',3167,'\'139.217.25.52:2234 : pod \"deepshare-website-sn1kp\" deleted\'',1457540330),(357,12,67,1,24,'\'ssh  -T  -p 2234 -q -o UserKnownHostsFile=/dev/null -o StrictHostKeyChecking=no core@139.217.25.52 \" mkdir -p /mnt/resource/origin_deepshare_website/deepshare_website/deepshare_website/20160310-100413 \"\'',3044,'\'139.217.25.52:2234 : \'',1457575456),(358,12,67,1,40,'\'\'',0,'NULL',1457575456),(359,12,67,1,53,'\'cd /data/deploy/repo/staging/deepshare_website/simu/deepshare_website-20160310-100413  && /usr/bin/env git reset -q --hard 43d0be6\'',1390,'\'\'',1457575458),(360,12,67,1,64,'\'\'',0,'NULL',1457575458),(361,12,67,1,78,'\'rsync -avzq --rsh=\"ssh -q -o UserKnownHostsFile=/dev/null -o StrictHostKeyChecking=no -p 2234\"  /data/deploy/repo/staging/deepshare_website/simu/deepshare_website-20160310-100413/ core@139.217.25.52:/mnt/resource/origin_deepshare_website/deepshare_website/deepshare_website/20160310-100413\'',24515,'\'\'',1457575482),(362,12,67,1,100,'\'ssh  -T  -p 2234 -q -o UserKnownHostsFile=/dev/null -o StrictHostKeyChecking=no core@139.217.25.52 \" ln -sfn /mnt/resource/origin_deepshare_website/deepshare_website/deepshare_website/20160310-100413 /mnt/resource/origin_deepshare_website/deepshare_website/deepshare_website/current-deepshare_website.tmp && mv -fT /mnt/resource/origin_deepshare_website/deepshare_website/deepshare_website/current-deepshare_website.tmp /mnt/resource/deepshare_website && source /etc/profile && cd /mnt/resource/origin_deepshare_website/deepshare_website/deepshare_website/20160310-100413 && bash /mnt/resource/staging/deepshare2_website_staging.sh \"\'',2863,'\'139.217.25.52:2234 : pod \"deepshare-website-ypbug\" deleted\'',1457575485),(363,12,68,1,24,'\'ssh  -T  -p 2234 -q -o UserKnownHostsFile=/dev/null -o StrictHostKeyChecking=no core@139.217.25.52 \" mkdir -p /mnt/resource/origin_deepshare_website/deepshare_website/deepshare_website/20160310-134646 \"\'',2973,'\'139.217.25.52:2234 : \'',1457588809),(364,12,68,1,40,'\'\'',0,'NULL',1457588809),(365,12,68,1,53,'\'cd /data/deploy/repo/staging/deepshare_website/simu/deepshare_website-20160310-134646  && /usr/bin/env git reset -q --hard 07d00af\'',1463,'\'\'',1457588810),(366,12,68,1,64,'\'\'',0,'NULL',1457588810),(367,12,68,1,78,'\'rsync -avzq --rsh=\"ssh -q -o UserKnownHostsFile=/dev/null -o StrictHostKeyChecking=no -p 2234\"  /data/deploy/repo/staging/deepshare_website/simu/deepshare_website-20160310-134646/ core@139.217.25.52:/mnt/resource/origin_deepshare_website/deepshare_website/deepshare_website/20160310-134646\'',25115,'\'\'',1457588836),(368,12,68,1,100,'\'ssh  -T  -p 2234 -q -o UserKnownHostsFile=/dev/null -o StrictHostKeyChecking=no core@139.217.25.52 \" ln -sfn /mnt/resource/origin_deepshare_website/deepshare_website/deepshare_website/20160310-134646 /mnt/resource/origin_deepshare_website/deepshare_website/deepshare_website/current-deepshare_website.tmp && sudo chown -h core /mnt/resource/origin_deepshare_website/deepshare_website/deepshare_website/current-deepshare_website.tmp && mv -fT /mnt/resource/origin_deepshare_website/deepshare_website/deepshare_website/current-deepshare_website.tmp /mnt/resource/deepshare_website && source /etc/profile && cd /mnt/resource/origin_deepshare_website/deepshare_website/deepshare_website/20160310-134646 && bash /mnt/resource/staging/deepshare2_website_staging.sh \"\'',2934,'\'139.217.25.52:2234 : pod \"deepshare-website-2dyh8\" deleted\'',1457588839),(369,12,69,1,24,'\'ssh  -T  -p 2234 -q -o UserKnownHostsFile=/dev/null -o StrictHostKeyChecking=no core@139.217.25.52 \" mkdir -p /mnt/resource/origin_deepshare_website/deepshare_website/deepshare_website/20160310-181905 \"\'',2949,'\'139.217.25.52:2234 : \'',1457605148),(370,12,69,1,40,'\'\'',0,'NULL',1457605148),(371,12,69,1,53,'\'cd /data/deploy/repo/staging/deepshare_website/simu/deepshare_website-20160310-181905  && /usr/bin/env git reset -q --hard 68fdf97\'',1493,'\'\'',1457605149),(372,12,69,1,64,'\'\'',0,'NULL',1457605149),(373,12,69,1,78,'\'rsync -avzq --rsh=\"ssh -q -o UserKnownHostsFile=/dev/null -o StrictHostKeyChecking=no -p 2234\"  /data/deploy/repo/staging/deepshare_website/simu/deepshare_website-20160310-181905/ core@139.217.25.52:/mnt/resource/origin_deepshare_website/deepshare_website/deepshare_website/20160310-181905\'',25542,'\'\'',1457605175),(374,12,69,1,100,'\'ssh  -T  -p 2234 -q -o UserKnownHostsFile=/dev/null -o StrictHostKeyChecking=no core@139.217.25.52 \" ln -sfn /mnt/resource/origin_deepshare_website/deepshare_website/deepshare_website/20160310-181905 /mnt/resource/origin_deepshare_website/deepshare_website/deepshare_website/current-deepshare_website.tmp && sudo chown -h core /mnt/resource/origin_deepshare_website/deepshare_website/deepshare_website/current-deepshare_website.tmp && mv -fT /mnt/resource/origin_deepshare_website/deepshare_website/deepshare_website/current-deepshare_website.tmp /mnt/resource/deepshare_website && source /etc/profile && cd /mnt/resource/origin_deepshare_website/deepshare_website/deepshare_website/20160310-181905 && bash /mnt/resource/staging/deepshare2_website_staging.sh \"\'',3378,'\'139.217.25.52:2234 : pod \"deepshare-website-gtlbb\" deleted\'',1457605178),(385,12,70,1,24,'\'ssh  -T  -p 2209 -q -o UserKnownHostsFile=/dev/null -o StrictHostKeyChecking=no core@139.217.25.52 \" mkdir -p /mnt/resource/origin_deepshare_website/deepshare_website/20160310-184828 \"\'',3027,'\'139.217.25.52:2209 : \'',1457606911),(386,12,70,1,40,'\'\'',0,'NULL',1457606911),(387,12,70,1,53,'\'cd /data/deploy/repo/prod/deepshare_website/prod/deepshare_website-20160310-184828  && /usr/bin/env git reset -q --hard v2.0.2\'',1457,'\'\'',1457606912),(388,12,70,1,64,'\'\'',0,'NULL',1457606912),(389,12,70,1,78,'\'rsync -avzq --rsh=\"ssh -q -o UserKnownHostsFile=/dev/null -o StrictHostKeyChecking=no -p 2209\"  /data/deploy/repo/prod/deepshare_website/prod/deepshare_website-20160310-184822/ core@139.217.25.52:/mnt/resource/origin_deepshare_website/deepshare_website/20160310-184822\'',25195,'\'\'',1457606931),(390,12,70,1,100,'\'ssh  -T  -p 2209 -q -o UserKnownHostsFile=/dev/null -o StrictHostKeyChecking=no core@139.217.25.52 \" ln -sfn /mnt/resource/origin_deepshare_website/deepshare_website/20160310-184822 /mnt/resource/origin_deepshare_website/deepshare_website/current-deepshare_website.tmp && sudo chown -h core /mnt/resource/origin_deepshare_website/deepshare_website/current-deepshare_website.tmp && mv -fT /mnt/resource/origin_deepshare_website/deepshare_website/current-deepshare_website.tmp /mnt/resource/deepshare_website \"\'',2654,'\'139.217.25.52:2209 : \'',1457606934),(391,12,70,1,78,'\'rsync -avzq --rsh=\"ssh -q -o UserKnownHostsFile=/dev/null -o StrictHostKeyChecking=no -p 2209\"  /data/deploy/repo/prod/deepshare_website/prod/deepshare_website-20160310-184828/ core@139.217.25.52:/mnt/resource/origin_deepshare_website/deepshare_website/20160310-184828\'',24641,'\'\'',1457606937),(392,12,70,1,100,'\'ssh  -T  -p 2209 -q -o UserKnownHostsFile=/dev/null -o StrictHostKeyChecking=no core@139.217.25.52 \" ln -sfn /mnt/resource/origin_deepshare_website/deepshare_website/20160310-184828 /mnt/resource/origin_deepshare_website/deepshare_website/current-deepshare_website.tmp && sudo chown -h core /mnt/resource/origin_deepshare_website/deepshare_website/current-deepshare_website.tmp && mv -fT /mnt/resource/origin_deepshare_website/deepshare_website/current-deepshare_website.tmp /mnt/resource/deepshare_website \"\'',2650,'\'139.217.25.52:2209 : \'',1457606940),(393,12,71,1,24,'\'ssh  -T  -p 2209 -q -o UserKnownHostsFile=/dev/null -o StrictHostKeyChecking=no core@139.217.25.52 \" mkdir -p /mnt/resource/origin_deepshare_website/deepshare_website/20160310-190211 \"\'',2841,'\'139.217.25.52:2209 : \'',1457607734),(394,12,71,1,40,'\'\'',0,'NULL',1457607734),(395,12,71,1,53,'\'cd /data/deploy/repo/prod/deepshare_website/prod/deepshare_website-20160310-190211  && /usr/bin/env git reset -q --hard v2.0.2\'',1417,'\'\'',1457607735),(396,12,71,1,64,'\'\'',0,'NULL',1457607735),(397,12,71,1,78,'\'rsync -avzq --rsh=\"ssh -q -o UserKnownHostsFile=/dev/null -o StrictHostKeyChecking=no -p 2209\"  /data/deploy/repo/prod/deepshare_website/prod/deepshare_website-20160310-190211/ core@139.217.25.52:/mnt/resource/origin_deepshare_website/deepshare_website/20160310-190211\'',24763,'\'\'',1457607760),(398,12,71,1,100,'\'ssh  -T  -p 2209 -q -o UserKnownHostsFile=/dev/null -o StrictHostKeyChecking=no core@139.217.25.52 \" ln -sfn /mnt/resource/origin_deepshare_website/deepshare_website/20160310-190211 /mnt/resource/origin_deepshare_website/deepshare_website/current-deepshare_website.tmp && sudo chown -h core /mnt/resource/origin_deepshare_website/deepshare_website/current-deepshare_website.tmp && mv -fT /mnt/resource/origin_deepshare_website/deepshare_website/current-deepshare_website.tmp /mnt/resource/deepshare_website && source /etc/profile && cd /mnt/resource/origin_deepshare_website/deepshare_website/20160310-190211 && bash  /mnt/resource/prod/deepshare2_website_prod.sh \"\'',5607,'\'139.217.25.52:2209 : pod \"deepshare-website-kprrq\" deleted\'',1457607766),(399,12,72,1,24,'\'ssh  -T  -p 2209 -q -o UserKnownHostsFile=/dev/null -o StrictHostKeyChecking=no core@139.217.25.52 \" mkdir -p /mnt/resource/origin_deepshare_website/deepshare_website/20160310-205756 \"\'',2851,'\'139.217.25.52:2209 : \'',1457614678),(400,12,72,1,40,'\'\'',0,'NULL',1457614678),(401,12,72,1,53,'\'cd /data/deploy/repo/prod/deepshare_website/prod/deepshare_website-20160310-205756  && /usr/bin/env git reset -q --hard v2.0.3\'',1544,'\'\'',1457614680),(402,12,72,1,64,'\'\'',0,'NULL',1457614680),(403,12,72,1,78,'\'rsync -avzq --rsh=\"ssh -q -o UserKnownHostsFile=/dev/null -o StrictHostKeyChecking=no -p 2209\"  /data/deploy/repo/prod/deepshare_website/prod/deepshare_website-20160310-205756/ core@139.217.25.52:/mnt/resource/origin_deepshare_website/deepshare_website/20160310-205756\'',24725,'\'\'',1457614705),(404,12,72,1,100,'\'ssh  -T  -p 2209 -q -o UserKnownHostsFile=/dev/null -o StrictHostKeyChecking=no core@139.217.25.52 \" ln -sfn /mnt/resource/origin_deepshare_website/deepshare_website/20160310-205756 /mnt/resource/origin_deepshare_website/deepshare_website/current-deepshare_website.tmp && sudo chown -h core /mnt/resource/origin_deepshare_website/deepshare_website/current-deepshare_website.tmp && mv -fT /mnt/resource/origin_deepshare_website/deepshare_website/current-deepshare_website.tmp /mnt/resource/deepshare_website && source /etc/profile && cd /mnt/resource/origin_deepshare_website/deepshare_website/20160310-205756 && bash  /mnt/resource/prod/deepshare2_website_prod.sh \"\'',5330,'\'139.217.25.52:2209 : pod \"deepshare-website-71ylb\" deleted\'',1457614710),(405,12,73,1,24,'\'ssh  -T  -p 2234 -q -o UserKnownHostsFile=/dev/null -o StrictHostKeyChecking=no core@139.217.25.52 \" mkdir -p /mnt/resource/origin_deepshare_website/deepshare_website/deepshare_website/20160311-164311 \"\'',2943,'\'139.217.25.52:2234 : \'',1457685794),(406,12,73,1,40,'\'\'',0,'NULL',1457685794),(407,12,73,1,53,'\'cd /data/deploy/repo/staging/deepshare_website/simu/deepshare_website-20160311-164311  && /usr/bin/env git reset -q --hard d5b0d70\'',1342,'\'\'',1457685795),(408,12,73,1,64,'\'\'',0,'NULL',1457685795),(409,12,73,1,78,'\'rsync -avzq --rsh=\"ssh -q -o UserKnownHostsFile=/dev/null -o StrictHostKeyChecking=no -p 2234\"  /data/deploy/repo/staging/deepshare_website/simu/deepshare_website-20160311-164311/ core@139.217.25.52:/mnt/resource/origin_deepshare_website/deepshare_website/deepshare_website/20160311-164311\'',25901,'\'\'',1457685821),(410,12,73,1,100,'\'ssh  -T  -p 2234 -q -o UserKnownHostsFile=/dev/null -o StrictHostKeyChecking=no core@139.217.25.52 \" ln -sfn /mnt/resource/origin_deepshare_website/deepshare_website/deepshare_website/20160311-164311 /mnt/resource/origin_deepshare_website/deepshare_website/deepshare_website/current-deepshare_website.tmp && sudo chown -h core /mnt/resource/origin_deepshare_website/deepshare_website/deepshare_website/current-deepshare_website.tmp && mv -fT /mnt/resource/origin_deepshare_website/deepshare_website/deepshare_website/current-deepshare_website.tmp /mnt/resource/deepshare_website && source /etc/profile && cd /mnt/resource/origin_deepshare_website/deepshare_website/deepshare_website/20160311-164311 && bash /mnt/resource/staging/deepshare2_website_staging.sh \"\'',4182,'\'139.217.25.52:2234 : pod \"deepshare-website-yxpre\" deleted\'',1457685825),(411,12,74,1,24,'\'ssh  -T  -p 2209 -q -o UserKnownHostsFile=/dev/null -o StrictHostKeyChecking=no core@139.217.25.52 \" mkdir -p /mnt/resource/origin_deepshare_website/deepshare_website/20160311-164537 \"\'',4191,'\'139.217.25.52:2209 : \'',1457685941),(412,12,74,1,40,'\'\'',0,'NULL',1457685941),(413,12,74,1,53,'\'cd /data/deploy/repo/prod/deepshare_website/prod/deepshare_website-20160311-164537  && /usr/bin/env git reset -q --hard v2.0.5\'',2270,'\'\'',1457685943),(414,12,74,1,64,'\'\'',0,'NULL',1457685943),(415,12,74,1,78,'\'rsync -avzq --rsh=\"ssh -q -o UserKnownHostsFile=/dev/null -o StrictHostKeyChecking=no -p 2209\"  /data/deploy/repo/prod/deepshare_website/prod/deepshare_website-20160311-164537/ core@139.217.25.52:/mnt/resource/origin_deepshare_website/deepshare_website/20160311-164537\'',44980,'\'\'',1457685988),(416,12,74,1,100,'\'ssh  -T  -p 2209 -q -o UserKnownHostsFile=/dev/null -o StrictHostKeyChecking=no core@139.217.25.52 \" ln -sfn /mnt/resource/origin_deepshare_website/deepshare_website/20160311-164537 /mnt/resource/origin_deepshare_website/deepshare_website/current-deepshare_website.tmp && sudo chown -h core /mnt/resource/origin_deepshare_website/deepshare_website/current-deepshare_website.tmp && mv -fT /mnt/resource/origin_deepshare_website/deepshare_website/current-deepshare_website.tmp /mnt/resource/deepshare_website && source /etc/profile && cd /mnt/resource/origin_deepshare_website/deepshare_website/20160311-164537 && bash  /mnt/resource/prod/deepshare2_website_prod.sh \"\'',4757,'\'139.217.25.52:2209 : pod \"deepshare-website-zwcwq\" deleted\'',1457685993),(417,12,75,1,24,'\'ssh  -T  -p 2209 -q -o UserKnownHostsFile=/dev/null -o StrictHostKeyChecking=no core@139.217.25.52 \" mkdir -p /mnt/resource/origin_deepshare_website/deepshare_website/20160312-154715 \"\'',3070,'\'139.217.25.52:2209 : \'',1457768838),(418,12,75,1,40,'\'\'',0,'NULL',1457768838),(419,12,75,1,53,'\'cd /data/deploy/repo/prod/deepshare_website/prod/deepshare_website-20160312-154715  && /usr/bin/env git reset -q --hard v2.0.6\'',1449,'\'\'',1457768839),(420,12,75,1,64,'\'\'',0,'NULL',1457768839),(421,12,75,1,78,'\'rsync -avzq --rsh=\"ssh -q -o UserKnownHostsFile=/dev/null -o StrictHostKeyChecking=no -p 2209\"  /data/deploy/repo/prod/deepshare_website/prod/deepshare_website-20160312-154715/ core@139.217.25.52:/mnt/resource/origin_deepshare_website/deepshare_website/20160312-154715\'',25294,'\'\'',1457768864),(422,12,75,1,100,'\'ssh  -T  -p 2209 -q -o UserKnownHostsFile=/dev/null -o StrictHostKeyChecking=no core@139.217.25.52 \" ln -sfn /mnt/resource/origin_deepshare_website/deepshare_website/20160312-154715 /mnt/resource/origin_deepshare_website/deepshare_website/current-deepshare_website.tmp && sudo chown -h core /mnt/resource/origin_deepshare_website/deepshare_website/current-deepshare_website.tmp && mv -fT /mnt/resource/origin_deepshare_website/deepshare_website/current-deepshare_website.tmp /mnt/resource/deepshare_website && source /etc/profile && cd /mnt/resource/origin_deepshare_website/deepshare_website/20160312-154715 && bash  /mnt/resource/prod/deepshare2_website_prod.sh \"\'',5239,'\'139.217.25.52:2209 : pod \"deepshare-website-u241p\" deleted\'',1457768870),(423,11,76,1,24,'\'ssh  -T  -p 22 -q -o UserKnownHostsFile=/dev/null -o StrictHostKeyChecking=no docker@qdu.cloudapp.net \" mkdir -p /mnt/www/deepshare2/deepshare2/20160315-103002 \"\'',909,'\'qdu.cloudapp.net : bash: warning: setlocale: LC_ALL: cannot change locale (zh_CN.UTF-8)\'',1458009003),(424,11,76,1,40,'\'\'',0,'NULL',1458009003),(425,11,76,1,53,'\'cd /data/deploy/repo/test/deepshare2/test/deepshare2-20160315-103002  && /usr/bin/env git reset -q --hard 3f517c6\'',3166,'\'\'',1458009006),(426,11,76,1,64,'\'\'',0,'NULL',1458009006),(427,11,76,1,78,'\'rsync -avzq --rsh=\"ssh -q -o UserKnownHostsFile=/dev/null -o StrictHostKeyChecking=no -p 22\"  /data/deploy/repo/test/deepshare2/test/deepshare2-20160315-103002/ docker@qdu.cloudapp.net:/mnt/www/deepshare2/deepshare2/20160315-103002\'',1600,'\'bash: warning: setlocale: LC_ALL: cannot change locale (zh_CN.UTF-8)\'',1458009008),(428,11,76,1,100,'\'ssh  -T  -p 22 -q -o UserKnownHostsFile=/dev/null -o StrictHostKeyChecking=no docker@qdu.cloudapp.net \" ln -sfn /mnt/www/deepshare2/deepshare2/20160315-103002 /mnt/www/deepshare2/deepshare2/current-deepshare2.tmp && sudo chown -h docker /mnt/www/deepshare2/deepshare2/current-deepshare2.tmp && mv -fT /mnt/www/deepshare2/deepshare2/current-deepshare2.tmp /mnt/test/deepshare2 && source /etc/profile && cd /mnt/www/deepshare2/deepshare2/20160315-103002 && bash /mnt/test/deepshare2_test_image_build.sh \"\'',321092,'\'qdu.cloudapp.net : bash: warning: setlocale: LC_ALL: cannot change locale (zh_CN.UTF-8)\nbash: warning: setlocale: LC_ALL: cannot change locale (zh_CN.UTF-8)\nSending build context to Docker daemon 557.1 kB\rSending build context to Docker daemon 1.114 MB\rSending build context to Docker daemon 1.671 MB\rSending build context to Docker daemon 2.228 MB\rSending build context to Docker daemon 2.785 MB\rSending build context to Docker daemon 3.342 MB\rSending build context to Docker daemon 3.899 MB\rSending build context to Docker daemon 4.456 MB\rSending build context to Docker daemon 5.014 MB\rSending build context to Docker daemon 5.539 MB\rSending build context to Docker daemon 6.074 MB\rSending build context to Docker daemon 6.619 MB\rSending build context to Docker daemon 7.168 MB\rSending build context to Docker daemon   7.7 MB\rSending build context to Docker daemon 8.258 MB\rSending build context to Docker daemon 8.815 MB\rSending build context to Docker daemon 9.312 MB\rSending build context to Docker daemon 9.312 MB\nStep 1 : FROM r.fds.so:5000/golang1.5.3\n ---> abbbd1c355d9\nStep 2 : RUN apt-get update && apt-get install -y --no-install-recommends vim\n ---> Running in 2c93051ea906\nIgn http://archive.ubuntu.com trusty InRelease\nGet:1 http://archive.ubuntu.com trusty-updates InRelease [65.9 kB]\nGet:2 http://archive.ubuntu.com trusty-security InRelease [65.9 kB]\nHit http://archive.ubuntu.com trusty Release.gpg\nHit http://archive.ubuntu.com trusty Release\nGet:3 http://archive.ubuntu.com trusty-updates/main Sources [328 kB]\nGet:4 http://archive.ubuntu.com trusty-updates/restricted Sources [5217 B]\nGet:5 http://archive.ubuntu.com trusty-updates/universe Sources [190 kB]\nGet:6 http://archive.ubuntu.com trusty-updates/main amd64 Packages [910 kB]\nGet:7 http://archive.ubuntu.com trusty-updates/restricted amd64 Packages [23.5 kB]\nGet:8 http://archive.ubuntu.com trusty-updates/universe amd64 Packages [440 kB]\nGet:9 http://archive.ubuntu.com trusty-security/main Sources [134 kB]\nGet:10 http://archive.ubuntu.com trusty-security/restricted Sources [3920 B]\nGet:11 http://archive.ubuntu.com trusty-security/universe Sources [39.1 kB]\nGet:12 http://archive.ubuntu.com trusty-security/main amd64 Packages [542 kB]\nGet:13 http://archive.ubuntu.com trusty-security/restricted amd64 Packages [20.2 kB]\nGet:14 http://archive.ubuntu.com trusty-security/universe amd64 Packages [162 kB]\nHit http://archive.ubuntu.com trusty/main Sources\nHit http://archive.ubuntu.com trusty/restricted Sources\nHit http://archive.ubuntu.com trusty/universe Sources\nHit http://archive.ubuntu.com trusty/main amd64 Packages\nHit http://archive.ubuntu.com trusty/restricted amd64 Packages\nHit http://archive.ubuntu.com trusty/universe amd64 Packages\nFetched 2930 kB in 7s (374 kB/s)\nReading package lists...\n[91mW[0m[91m: [0m[91mSize of file /var/lib/apt/lists/archive.ubuntu.com_ubuntu_dists_trusty-updates_restricted_source_Sources.gz is not what the server reported 5217 5219[0m[91m\n[0mReading package lists...\nBuilding dependency tree...\nReading state information...\nvim is already the newest version.\n0 upgraded, 0 newly installed, 0 to remove and 39 not upgraded.\n ---> b47884a709be\nRemoving intermediate container 2c93051ea906\nStep 3 : ADD . /go/src/github.com/MISingularity/deepshare2\n ---> a845a05822b4\nRemoving intermediate container dd9f89d23d65\nStep 4 : WORKDIR /go/src/github.com/MISingularity/deepshare2\n ---> Running in 98db41f61b17\n ---> 8649c5a74abc\nRemoving intermediate container 98db41f61b17\nStep 5 : RUN go get -v -d ./...\n ---> Running in a03b9cebe9f9\n[91mgithub.com/MISingularity/uap-go (download)\n[0m[91mFetching https://gopkg.in/yaml.v2?go-get=1\n[0m[91mParsing meta tags from https://gopkg.in/yaml.v2?go-get=1 (status code 200)\n[0m[91mget \"gopkg.in/yaml.v2\": found meta tag main.metaImport{Prefix:\"gopkg.in/yaml.v2\", VCS:\"git\", RepoRoot:\"https://gopkg.in/yaml.v2\"} at https://gopkg.in/yaml.v2?go-get=1\n[0m[91mgopkg.in/yaml.v2 (download)\n[0m[91mgithub.com/nsqio/go-nsq (download)\n[0m[91mgithub.com/mreiferson/go-snappystream (download)\n[0m[91mFetching https://gopkg.in/redis.v3?go-get=1\n[0m[91mParsing meta tags from https://gopkg.in/redis.v3?go-get=1 (status code 200)\n[0m[91mget \"gopkg.in/redis.v3\": found meta tag main.metaImport{Prefix:\"gopkg.in/redis.v3\", VCS:\"git\", RepoRoot:\"https://gopkg.in/redis.v3\"} at https://gopkg.in/redis.v3?go-get=1\n[0m[91mgopkg.in/redis.v3 (download)\n[0m[91mFetching https://gopkg.in/bsm/ratelimit.v1?go-get=1\n[0m[91mParsing meta tags from https://gopkg.in/bsm/ratelimit.v1?go-get=1 (status code 200)\n[0m[91mget \"gopkg.in/bsm/ratelimit.v1\": found meta tag main.metaImport{Prefix:\"gopkg.in/bsm/ratelimit.v1\", VCS:\"git\", RepoRoot:\"https://gopkg.in/bsm/ratelimit.v1\"} at https://gopkg.in/bsm/ratelimit.v1?go-get=1\n[0m[91mgopkg.in/bsm/ratelimit.v1 (download)\n[0m[91mgithub.com/prometheus/client_golang (download)\n[0m[91mgithub.com/beorn7/perks (download)\n[0m[91mgithub.com/golang/protobuf (download)\n[0m[91mgithub.com/prometheus/client_model (download)\n[0m[91mgithub.com/prometheus/common (download)\n[0m[91mgithub.com/matttproud/golang_protobuf_extensions (download)\n[0m[91mgithub.com/prometheus/procfs (download)\n[0m[91mFetching https://golang.org/x/net/context?go-get=1\n[0m[91mParsing meta tags from https://golang.org/x/net/context?go-get=1 (status code 200)\n[0m[91mget \"golang.org/x/net/context\": found meta tag main.metaImport{Prefix:\"golang.org/x/net\", VCS:\"git\", RepoRoot:\"https://go.googlesource.com/net\"} at https://golang.org/x/net/context?go-get=1\n[0m[91mget \"golang.org/x/net/context\": verifying non-authoritative meta tag\nFetching https://golang.org/x/net?go-get=1\n[0m[91mParsing meta tags from https://golang.org/x/net?go-get=1 (status code 200)\n[0m[91mgolang.org/x/net (download)\n[0m[91mgithub.com/rs/cors (download)\n[0m[91mgithub.com/rs/xhandler (download)\n[0m[91mFetching https://gopkg.in/mgo.v2?go-get=1\n[0m[91mParsing meta tags from https://gopkg.in/mgo.v2?go-get=1 (status code 200)\n[0m[91mget \"gopkg.in/mgo.v2\": found meta tag main.metaImport{Prefix:\"gopkg.in/mgo.v2\", VCS:\"git\", RepoRoot:\"https://gopkg.in/mgo.v2\"} at https://gopkg.in/mgo.v2?go-get=1\n[0m[91mgopkg.in/mgo.v2 (download)\n[0m[91mFetching https://gopkg.in/mgo.v2/bson?go-get=1\n[0m[91mParsing meta tags from https://gopkg.in/mgo.v2/bson?go-get=1 (status code 200)\n[0m[91mget \"gopkg.in/mgo.v2/bson\": found meta tag main.metaImport{Prefix:\"gopkg.in/mgo.v2\", VCS:\"git\", RepoRoot:\"https://gopkg.in/mgo.v2\"} at https://gopkg.in/mgo.v2/bson?go-get=1\nget \"gopkg.in/mgo.v2/bson\": verifying non-authoritative meta tag\n[0m[91mFetching https://gopkg.in/mgo.v2?go-get=1\n[0m[91mParsing meta tags from https://gopkg.in/mgo.v2?go-get=1 (status code 200)\n[0m[91mgithub.com/boltdb/bolt (download)\n[0m ---> 47831e533d09\nRemoving intermediate container a03b9cebe9f9\nStep 6 : RUN go build -o deepshare2d /go/src/github.com/MISingularity/deepshare2/cmd/deepshared/main.go\n ---> Running in 3dfc67ca0226\n ---> 0b64c21ca91b\nRemoving intermediate container 3dfc67ca0226\nStep 7 : CMD /go/src/github.com/MISingularity/deepshare2/deepshare2d\n ---> Running in 933c6f33999d\n ---> 309afa235b88\nRemoving intermediate container 933c6f33999d\nStep 8 : EXPOSE 8080\n ---> Running in f7cc08a9cb74\n ---> f49f220b7f9e\nRemoving intermediate container f7cc08a9cb74\nSuccessfully built f49f220b7f9e\nThe push refers to a repository [r.fds.so:5000/deepshare2-test] (len: 1)\nf49f220b7f9e: Preparing\nf49f220b7f9e: Pushing\nf49f220b7f9e: Pushed\n309afa235b88: Preparing\n309afa235b88: Pushing\n309afa235b88: Pushed\n0b64c21ca91b: Preparing\n0b64c21ca91b: Pushing\n0b64c21ca91b: Pushed\n47831e533d09: Preparing\n47831e533d09: Pushing\n47831e533d09: Pushed\n8649c5a74abc: Preparing\n8649c5a74abc: Pushing\n8649c5a74abc: Pushed\na845a05822b4: Preparing\na845a05822b4: Pushing\na845a05822b4: Pushed\nb47884a709be: Preparing\nb47884a709be: Pushing\nb47884a709be: Pushed\n9f50c49eb0f2: Image already exists\nbcde7645aea4: Image already exists\ne24428725dd6: Image already exists\n1796d1c62d0c: Image already exists\n0bf056161913: Image already exists\n201603150230: digest: sha256:f13d62a848c2ec7dc9b0c035e618fec9cf2d84c766452b68b3f76a046829a426 size: 35170\nCreated deepshare2-dsusage-41b219fb1136bada81a86816f2179c8b\nScaling up deepshare2-dsusage-41b219fb1136bada81a86816f2179c8b from 0 to 1, scaling down deepshare2-dsusage from 1 to 0 (keep 1 pods available, don\\\'t exceed 2 pods)\nScaling deepshare2-dsusage-41b219fb1136bada81a86816f2179c8b up to 1\nCreated deepshare2-cookie-4b2834fbbd6fdd5c94b006dfe514a39b\nScaling up deepshare2-cookie-4b2834fbbd6fdd5c94b006dfe514a39b from 0 to 1, scaling down deepshare2-cookie from 1 to 0 (keep 1 pods available, don\\\'t exceed 2 pods)\nScaling deepshare2-cookie-4b2834fbbd6fdd5c94b006dfe514a39b up to 1\nCreated deepshare2-counter-0a218990003018d1a58d3b2e3bce6e88\nScaling up deepshare2-counter-0a218990003018d1a58d3b2e3bce6e88 from 0 to 1, scaling down deepshare2-counter from 1 to 0 (keep 1 pods available, don\\\'t exceed 2 pods)\nScaling deepshare2-counter-0a218990003018d1a58d3b2e3bce6e88 up to 1\nCreated deepshare2-sharelink-71ac8c624bd0e433c9a378d4d73bb1a8\nCreated deepshare2-inappdata-85c8fbfd3bb6129b67bcdc1401bdcd1f\nScaling up deepshare2-inappdata-85c8fbfd3bb6129b67bcdc1401bdcd1f from 0 to 1, scaling down deepshare2-inappdata from 1 to 0 (keep 1 pods available, don\\\'t exceed 2 pods)\nScaling deepshare2-inappdata-85c8fbfd3bb6129b67bcdc1401bdcd1f up to 1\nCreated deepshare2-genurl-5657d58e27dd9fb5d3cf23b70c16c1d8\nScaling up deepshare2-genurl-5657d58e27dd9fb5d3cf23b70c16c1d8 from 0 to 1, scaling down deepshare2-genurl from 1 to 0 (keep 1 pods available, don\\\'t exceed 2 pods)\nScaling deepshare2-genurl-5657d58e27dd9fb5d3cf23b70c16c1d8 up to 1\nCreated deepshare2-dsaction-a62b013d4a8d46bc986be452e0fe4927\nScaling up deepshare2-dsaction-a62b013d4a8d46bc986be452e0fe4927 from 0 to 1, scaling down deepshare2-dsaction from 1 to 0 (keep 1 pods available, don\\\'t exceed 2 pods)\nScaling deepshare2-dsaction-a62b013d4a8d46bc986be452e0fe4927 up to 1\nCreated deepshare2-bind-5994b7e87fbc5c6dc702dcefbe0cf034\nScaling up deepshare2-bind-5994b7e87fbc5c6dc702dcefbe0cf034 from 0 to 1, scaling down deepshare2-bind from 1 to 0 (keep 1 pods available, don\\\'t exceed 2 pods)\nScaling deepshare2-bind-5994b7e87fbc5c6dc702dcefbe0cf034 up to 1\nCreated deepshare2-appinfo-d3ba6ca25c22c8b3feb03e3ff9ce5830\nScaling up deepshare2-appinfo-d3ba6ca25c22c8b3feb03e3ff9ce5830 from 0 to 1, scaling down deepshare2-appinfo from 1 to 0 (keep 1 pods available, don\\\'t exceed 2 pods)\nScaling deepshare2-appinfo-d3ba6ca25c22c8b3feb03e3ff9ce5830 up to 1\nCreated deepshare2-match-8865a1f0e6366531258c1823c0f57744\nScaling up deepshare2-match-8865a1f0e6366531258c1823c0f57744 from 0 to 1, scaling down deepshare2-match from 1 to 0 (keep 1 pods available, don\\\'t exceed 2 pods)\nScaling deepshare2-match-8865a1f0e6366531258c1823c0f57744 up to 1\nScaling up deepshare2-sharelink-71ac8c624bd0e433c9a378d4d73bb1a8 from 0 to 1, scaling down deepshare2-sharelink from 1 to 0 (keep 1 pods available, don\\\'t exceed 2 pods)\nScaling deepshare2-sharelink-71ac8c624bd0e433c9a378d4d73bb1a8 up to 1\nScaling deepshare2-dsusage down to 0\nScaling deepshare2-cookie down to 0\nScaling deepshare2-counter down to 0\nScaling deepshare2-inappdata down to 0\nScaling deepshare2-sharelink down to 0\nScaling deepshare2-bind down to 0\nScaling deepshare2-appinfo down to 0\nScaling deepshare2-match down to 0\nScaling deepshare2-dsaction down to 0\nScaling deepshare2-genurl down to 0\nUpdate succeeded. Deleting old controller: deepshare2-dsusage\nUpdate succeeded. Deleting old controller: deepshare2-cookie\nRenaming deepshare2-dsusage-41b219fb1136bada81a86816f2179c8b to deepshare2-dsusage\nUpdate succeeded. Deleting old controller: deepshare2-counter\nRenaming deepshare2-cookie-4b2834fbbd6fdd5c94b006dfe514a39b to deepshare2-cookie\nRenaming deepshare2-counter-0a218990003018d1a58d3b2e3bce6e88 to deepshare2-counter\nUpdate succeeded. Deleting old controller: deepshare2-inappdata\nreplicationcontroller \"deepshare2-dsusage\" rolling updated\nUpdate succeeded. Deleting old controller: deepshare2-appinfo\nUpdate succeeded. Deleting old controller: deepshare2-genurl\nUpdate succeeded. Deleting old controller: deepshare2-match\nRenaming deepshare2-inappdata-85c8fbfd3bb6129b67bcdc1401bdcd1f to deepshare2-inappdata\nreplicationcontroller \"deepshare2-cookie\" rolling updated\nUpdate succeeded. Deleting old controller: deepshare2-dsaction\nreplicationcontroller \"deepshare2-counter\" rolling updated\nUpdate succeeded. Deleting old controller: deepshare2-sharelink\nUpdate succeeded. Deleting old controller: deepshare2-bind\nRenaming deepshare2-sharelink-71ac8c624bd0e433c9a378d4d73bb1a8 to deepshare2-sharelink\nRenaming deepshare2-dsaction-a62b013d4a8d46bc986be452e0fe4927 to deepshare2-dsaction\nRenaming deepshare2-match-8865a1f0e6366531258c1823c0f57744 to deepshare2-match\nRenaming deepshare2-genurl-5657d58e27dd9fb5d3cf23b70c16c1d8 to deepshare2-genurl\nRenaming deepshare2-appinfo-d3ba6ca25c22c8b3feb03e3ff9ce5830 to deepshare2-appinfo\nRenaming deepshare2-bind-5994b7e87fbc5c6dc702dcefbe0cf034 to deepshare2-bind\nreplicationcontroller \"deepshare2-inappdata\" rolling updated\nreplicationcontroller \"deepshare2-dsaction\" rolling updated\nreplicationcontroller \"deepshare2-sharelink\" rolling updated\nreplicationcontroller \"deepshare2-genurl\" rolling updated\nreplicationcontroller \"deepshare2-match\" rolling updated\nreplicationcontroller \"deepshare2-appinfo\" rolling updated\nreplicationcontroller \"deepshare2-bind\" rolling updated\'',1458009329),(429,11,77,1,24,'\'ssh  -T  -p 22 -q -o UserKnownHostsFile=/dev/null -o StrictHostKeyChecking=no docker@qdu.cloudapp.net \" mkdir -p /mnt/www/deepshare2/deepshare2/20160315-105217 \"\'',949,'\'qdu.cloudapp.net : bash: warning: setlocale: LC_ALL: cannot change locale (zh_CN.UTF-8)\'',1458010338),(430,11,77,1,40,'\'\'',0,'NULL',1458010338),(431,11,77,1,53,'\'cd /data/deploy/repo/test/deepshare2/test/deepshare2-20160315-105217  && /usr/bin/env git reset -q --hard 7621c62\'',762,'\'\'',1458010338),(432,11,77,1,64,'\'\'',0,'NULL',1458010338),(433,11,77,1,78,'\'rsync -avzq --rsh=\"ssh -q -o UserKnownHostsFile=/dev/null -o StrictHostKeyChecking=no -p 22\"  /data/deploy/repo/test/deepshare2/test/deepshare2-20160315-105217/ docker@qdu.cloudapp.net:/mnt/www/deepshare2/deepshare2/20160315-105217\'',1711,'\'bash: warning: setlocale: LC_ALL: cannot change locale (zh_CN.UTF-8)\'',1458010340),(434,11,77,1,100,'\'ssh  -T  -p 22 -q -o UserKnownHostsFile=/dev/null -o StrictHostKeyChecking=no docker@qdu.cloudapp.net \" ln -sfn /mnt/www/deepshare2/deepshare2/20160315-105217 /mnt/www/deepshare2/deepshare2/current-deepshare2.tmp && sudo chown -h docker /mnt/www/deepshare2/deepshare2/current-deepshare2.tmp && mv -fT /mnt/www/deepshare2/deepshare2/current-deepshare2.tmp /mnt/test/deepshare2 && source /etc/profile && cd /mnt/www/deepshare2/deepshare2/20160315-105217 && bash /mnt/test/deepshare2_test_image_build.sh \"\'',268239,'\'qdu.cloudapp.net : bash: warning: setlocale: LC_ALL: cannot change locale (zh_CN.UTF-8)\nbash: warning: setlocale: LC_ALL: cannot change locale (zh_CN.UTF-8)\nSending build context to Docker daemon 532.7 kB\rSending build context to Docker daemon 1.081 MB\rSending build context to Docker daemon 1.638 MB\rSending build context to Docker daemon 2.195 MB\rSending build context to Docker daemon 2.753 MB\rSending build context to Docker daemon  3.31 MB\rSending build context to Docker daemon 3.867 MB\rSending build context to Docker daemon 4.424 MB\rSending build context to Docker daemon 4.981 MB\rSending build context to Docker daemon 5.506 MB\rSending build context to Docker daemon 6.062 MB\rSending build context to Docker daemon 6.619 MB\rSending build context to Docker daemon 7.176 MB\rSending build context to Docker daemon 7.727 MB\rSending build context to Docker daemon 8.258 MB\rSending build context to Docker daemon 8.815 MB\rSending build context to Docker daemon 9.335 MB\rSending build context to Docker daemon 9.335 MB\nStep 1 : FROM r.fds.so:5000/golang1.5.3\n ---> abbbd1c355d9\nStep 2 : RUN apt-get update && apt-get install -y --no-install-recommends vim\n ---> Using cache\n ---> b47884a709be\nStep 3 : ADD . /go/src/github.com/MISingularity/deepshare2\n ---> 1b228bd56790\nRemoving intermediate container a1d4c9ca17d5\nStep 4 : WORKDIR /go/src/github.com/MISingularity/deepshare2\n ---> Running in 1f1092d57dca\n ---> 0053ab805def\nRemoving intermediate container 1f1092d57dca\nStep 5 : RUN go get -v -d ./...\n ---> Running in 2a58142012df\n[91mgithub.com/MISingularity/uap-go (download)\n[0m[91mFetching https://gopkg.in/yaml.v2?go-get=1\n[0m[91mParsing meta tags from https://gopkg.in/yaml.v2?go-get=1 (status code 200)\nget \"gopkg.in/yaml.v2\": found meta tag main.metaImport{Prefix:\"gopkg.in/yaml.v2\", VCS:\"git\", RepoRoot:\"https://gopkg.in/yaml.v2\"} at https://gopkg.in/yaml.v2?go-get=1\ngopkg.in/yaml.v2 (download)\n[0m[91mgithub.com/nsqio/go-nsq (download)\n[0m[91mgithub.com/mreiferson/go-snappystream (download)\n[0m[91mFetching https://gopkg.in/redis.v3?go-get=1\n[0m[91mParsing meta tags from https://gopkg.in/redis.v3?go-get=1 (status code 200)\n[0m[91mget \"gopkg.in/redis.v3\": found meta tag main.metaImport{Prefix:\"gopkg.in/redis.v3\", VCS:\"git\", RepoRoot:\"https://gopkg.in/redis.v3\"} at https://gopkg.in/redis.v3?go-get=1\n[0m[91mgopkg.in/redis.v3 (download)\n[0m[91mFetching https://gopkg.in/bsm/ratelimit.v1?go-get=1\n[0m[91mParsing meta tags from https://gopkg.in/bsm/ratelimit.v1?go-get=1 (status code 200)\n[0m[91mget \"gopkg.in/bsm/ratelimit.v1\": found meta tag main.metaImport{Prefix:\"gopkg.in/bsm/ratelimit.v1\", VCS:\"git\", RepoRoot:\"https://gopkg.in/bsm/ratelimit.v1\"} at https://gopkg.in/bsm/ratelimit.v1?go-get=1\n[0m[91mgopkg.in/bsm/ratelimit.v1 (download)\n[0m[91mgithub.com/prometheus/client_golang (download)\n[0m[91mgithub.com/beorn7/perks (download)\n[0m[91mgithub.com/golang/protobuf (download)\n[0m[91mgithub.com/prometheus/client_model (download)\n[0m[91mgithub.com/prometheus/common (download)\n[0m[91mgithub.com/matttproud/golang_protobuf_extensions (download)\n[0m[91mgithub.com/prometheus/procfs (download)\n[0m[91mFetching https://golang.org/x/net/context?go-get=1\n[0m[91mParsing meta tags from https://golang.org/x/net/context?go-get=1 (status code 200)\n[0m[91mget \"golang.org/x/net/context\": found meta tag main.metaImport{Prefix:\"golang.org/x/net\", VCS:\"git\", RepoRoot:\"https://go.googlesource.com/net\"} at https://golang.org/x/net/context?go-get=1\n[0m[91mget \"golang.org/x/net/context\": verifying non-authoritative meta tag\nFetching https://golang.org/x/net?go-get=1\n[0m[91mParsing meta tags from https://golang.org/x/net?go-get=1 (status code 200)\n[0m[91mgolang.org/x/net (download)\n[0m[91mgithub.com/rs/cors (download)\n[0m[91mgithub.com/rs/xhandler (download)\n[0m[91mFetching https://gopkg.in/mgo.v2?go-get=1\n[0m[91mParsing meta tags from https://gopkg.in/mgo.v2?go-get=1 (status code 200)\n[0m[91mget \"gopkg.in/mgo.v2\": found meta tag main.metaImport{Prefix:\"gopkg.in/mgo.v2\", VCS:\"git\", RepoRoot:\"https://gopkg.in/mgo.v2\"} at https://gopkg.in/mgo.v2?go-get=1\n[0m[91mgopkg.in/mgo.v2 (download)\n[0m[91mFetching https://gopkg.in/mgo.v2/bson?go-get=1\n[0m[91mParsing meta tags from https://gopkg.in/mgo.v2/bson?go-get=1 (status code 200)\nget \"gopkg.in/mgo.v2/bson\": found meta tag main.metaImport{Prefix:\"gopkg.in/mgo.v2\", VCS:\"git\", RepoRoot:\"https://gopkg.in/mgo.v2\"} at https://gopkg.in/mgo.v2/bson?go-get=1\nget \"gopkg.in/mgo.v2/bson\": verifying non-authoritative meta tag\nFetching https://gopkg.in/mgo.v2?go-get=1\n[0m[91mParsing meta tags from https://gopkg.in/mgo.v2?go-get=1 (status code 200)\n[0m[91mgithub.com/boltdb/bolt (download)\n[0m ---> 4c31ad227b4a\nRemoving intermediate container 2a58142012df\nStep 6 : RUN go build -o deepshare2d /go/src/github.com/MISingularity/deepshare2/cmd/deepshared/main.go\n ---> Running in dbc4189ccd5a\n ---> b0124ae2e53b\nRemoving intermediate container dbc4189ccd5a\nStep 7 : CMD /go/src/github.com/MISingularity/deepshare2/deepshare2d\n ---> Running in d9e8e7b02a5d\n ---> fe995f7b8900\nRemoving intermediate container d9e8e7b02a5d\nStep 8 : EXPOSE 8080\n ---> Running in 118cfe8cae40\n ---> bfe6c9ebb432\nRemoving intermediate container 118cfe8cae40\nSuccessfully built bfe6c9ebb432\nThe push refers to a repository [r.fds.so:5000/deepshare2-test] (len: 1)\nbfe6c9ebb432: Preparing\nbfe6c9ebb432: Pushing\nbfe6c9ebb432: Pushed\nfe995f7b8900: Preparing\nfe995f7b8900: Pushing\nfe995f7b8900: Pushed\nb0124ae2e53b: Preparing\nb0124ae2e53b: Pushing\nb0124ae2e53b: Pushed\n4c31ad227b4a: Preparing\n4c31ad227b4a: Pushing\n4c31ad227b4a: Pushed\n0053ab805def: Preparing\n0053ab805def: Pushing\n0053ab805def: Pushed\n1b228bd56790: Preparing\n1b228bd56790: Pushing\n1b228bd56790: Pushed\nb47884a709be: Image already exists\n9f50c49eb0f2: Image already exists\nbcde7645aea4: Image already exists\ne24428725dd6: Image already exists\n1796d1c62d0c: Image already exists\n0bf056161913: Image already exists\n201603150252: digest: sha256:4ff147ac6658a65fa4119beb10938ec388719ff358489ef0c9ca8c1a313b2e9a size: 35170\nCreated deepshare2-inappdata-85c8fbfd3bb6129b67bcdc1401bdcd1f\nScaling up deepshare2-inappdata-85c8fbfd3bb6129b67bcdc1401bdcd1f from 0 to 1, scaling down deepshare2-inappdata from 1 to 0 (keep 1 pods available, don\\\'t exceed 2 pods)\nScaling deepshare2-inappdata-85c8fbfd3bb6129b67bcdc1401bdcd1f up to 1\nCreated deepshare2-bind-5994b7e87fbc5c6dc702dcefbe0cf034\nScaling up deepshare2-bind-5994b7e87fbc5c6dc702dcefbe0cf034 from 0 to 1, scaling down deepshare2-bind from 1 to 0 (keep 1 pods available, don\\\'t exceed 2 pods)\nScaling deepshare2-bind-5994b7e87fbc5c6dc702dcefbe0cf034 up to 1\nCreated deepshare2-genurl-5657d58e27dd9fb5d3cf23b70c16c1d8\nScaling up deepshare2-genurl-5657d58e27dd9fb5d3cf23b70c16c1d8 from 0 to 1, scaling down deepshare2-genurl from 1 to 0 (keep 1 pods available, don\\\'t exceed 2 pods)\nScaling deepshare2-genurl-5657d58e27dd9fb5d3cf23b70c16c1d8 up to 1\nCreated deepshare2-dsaction-a62b013d4a8d46bc986be452e0fe4927\nScaling up deepshare2-dsaction-a62b013d4a8d46bc986be452e0fe4927 from 0 to 1, scaling down deepshare2-dsaction from 1 to 0 (keep 1 pods available, don\\\'t exceed 2 pods)\nScaling deepshare2-dsaction-a62b013d4a8d46bc986be452e0fe4927 up to 1\nCreated deepshare2-dsusage-41b219fb1136bada81a86816f2179c8b\nScaling up deepshare2-dsusage-41b219fb1136bada81a86816f2179c8b from 0 to 1, scaling down deepshare2-dsusage from 1 to 0 (keep 1 pods available, don\\\'t exceed 2 pods)\nScaling deepshare2-dsusage-41b219fb1136bada81a86816f2179c8b up to 1\nCreated deepshare2-cookie-4b2834fbbd6fdd5c94b006dfe514a39b\nScaling up deepshare2-cookie-4b2834fbbd6fdd5c94b006dfe514a39b from 0 to 1, scaling down deepshare2-cookie from 1 to 0 (keep 1 pods available, don\\\'t exceed 2 pods)\nScaling deepshare2-cookie-4b2834fbbd6fdd5c94b006dfe514a39b up to 1\nCreated deepshare2-counter-0a218990003018d1a58d3b2e3bce6e88\nScaling up deepshare2-counter-0a218990003018d1a58d3b2e3bce6e88 from 0 to 1, scaling down deepshare2-counter from 1 to 0 (keep 1 pods available, don\\\'t exceed 2 pods)\nScaling deepshare2-counter-0a218990003018d1a58d3b2e3bce6e88 up to 1\nCreated deepshare2-sharelink-71ac8c624bd0e433c9a378d4d73bb1a8\nCreated deepshare2-match-8865a1f0e6366531258c1823c0f57744\nScaling up deepshare2-match-8865a1f0e6366531258c1823c0f57744 from 0 to 1, scaling down deepshare2-match from 1 to 0 (keep 1 pods available, don\\\'t exceed 2 pods)\nScaling deepshare2-match-8865a1f0e6366531258c1823c0f57744 up to 1\nCreated deepshare2-appinfo-d3ba6ca25c22c8b3feb03e3ff9ce5830\nScaling up deepshare2-appinfo-d3ba6ca25c22c8b3feb03e3ff9ce5830 from 0 to 1, scaling down deepshare2-appinfo from 1 to 0 (keep 1 pods available, don\\\'t exceed 2 pods)\nScaling deepshare2-appinfo-d3ba6ca25c22c8b3feb03e3ff9ce5830 up to 1\nScaling up deepshare2-sharelink-71ac8c624bd0e433c9a378d4d73bb1a8 from 0 to 1, scaling down deepshare2-sharelink from 1 to 0 (keep 1 pods available, don\\\'t exceed 2 pods)\nScaling deepshare2-sharelink-71ac8c624bd0e433c9a378d4d73bb1a8 up to 1\nScaling deepshare2-sharelink down to 0\nScaling deepshare2-dsusage down to 0\nScaling deepshare2-match down to 0\nScaling deepshare2-appinfo down to 0\nScaling deepshare2-dsaction down to 0\nScaling deepshare2-inappdata down to 0\nScaling deepshare2-genurl down to 0\nScaling deepshare2-bind down to 0\nScaling deepshare2-counter down to 0\nScaling deepshare2-cookie down to 0\nUpdate succeeded. Deleting old controller: deepshare2-sharelink\nUpdate succeeded. Deleting old controller: deepshare2-dsusage\nRenaming deepshare2-dsusage-41b219fb1136bada81a86816f2179c8b to deepshare2-dsusage\nRenaming deepshare2-sharelink-71ac8c624bd0e433c9a378d4d73bb1a8 to deepshare2-sharelink\nUpdate succeeded. Deleting old controller: deepshare2-match\nUpdate succeeded. Deleting old controller: deepshare2-appinfo\nRenaming deepshare2-match-8865a1f0e6366531258c1823c0f57744 to deepshare2-match\nreplicationcontroller \"deepshare2-sharelink\" rolling updated\nreplicationcontroller \"deepshare2-dsusage\" rolling updated\nRenaming deepshare2-appinfo-d3ba6ca25c22c8b3feb03e3ff9ce5830 to deepshare2-appinfo\nUpdate succeeded. Deleting old controller: deepshare2-dsaction\nUpdate succeeded. Deleting old controller: deepshare2-bind\nUpdate succeeded. Deleting old controller: deepshare2-genurl\nUpdate succeeded. Deleting old controller: deepshare2-inappdata\nUpdate succeeded. Deleting old controller: deepshare2-cookie\nUpdate succeeded. Deleting old controller: deepshare2-counter\nreplicationcontroller \"deepshare2-match\" rolling updated\nRenaming deepshare2-bind-5994b7e87fbc5c6dc702dcefbe0cf034 to deepshare2-bind\nRenaming deepshare2-dsaction-a62b013d4a8d46bc986be452e0fe4927 to deepshare2-dsaction\nRenaming deepshare2-genurl-5657d58e27dd9fb5d3cf23b70c16c1d8 to deepshare2-genurl\nRenaming deepshare2-inappdata-85c8fbfd3bb6129b67bcdc1401bdcd1f to deepshare2-inappdata\nRenaming deepshare2-counter-0a218990003018d1a58d3b2e3bce6e88 to deepshare2-counter\nRenaming deepshare2-cookie-4b2834fbbd6fdd5c94b006dfe514a39b to deepshare2-cookie\nreplicationcontroller \"deepshare2-appinfo\" rolling updated\nreplicationcontroller \"deepshare2-dsaction\" rolling updated\nreplicationcontroller \"deepshare2-bind\" rolling updated\nreplicationcontroller \"deepshare2-inappdata\" rolling updated\nreplicationcontroller \"deepshare2-genurl\" rolling updated\nreplicationcontroller \"deepshare2-counter\" rolling updated\nreplicationcontroller \"deepshare2-cookie\" rolling updated\'',1458010608),(435,12,78,1,24,'\'ssh  -T  -p 2234 -q -o UserKnownHostsFile=/dev/null -o StrictHostKeyChecking=no core@139.217.25.52 \" mkdir -p /mnt/resource/origin_deepshare_website/deepshare_website/deepshare_website/20160315-152436 \"\'',2966,'\'139.217.25.52:2234 : \'',1458026679),(436,12,78,1,40,'\'\'',0,'NULL',1458026680),(437,12,78,1,53,'\'cd /data/deploy/repo/staging/deepshare_website/simu/deepshare_website-20160315-152436  && /usr/bin/env git reset -q --hard 3816502\'',1310,'\'\'',1458026681),(438,12,78,1,64,'\'\'',0,'NULL',1458026681),(439,12,78,1,78,'\'rsync -avzq --rsh=\"ssh -q -o UserKnownHostsFile=/dev/null -o StrictHostKeyChecking=no -p 2234\"  /data/deploy/repo/staging/deepshare_website/simu/deepshare_website-20160315-152436/ core@139.217.25.52:/mnt/resource/origin_deepshare_website/deepshare_website/deepshare_website/20160315-152436\'',37951,'\'\'',1458026719),(440,12,78,1,100,'\'ssh  -T  -p 2234 -q -o UserKnownHostsFile=/dev/null -o StrictHostKeyChecking=no core@139.217.25.52 \" ln -sfn /mnt/resource/origin_deepshare_website/deepshare_website/deepshare_website/20160315-152436 /mnt/resource/origin_deepshare_website/deepshare_website/deepshare_website/current-deepshare_website.tmp && sudo chown -h core /mnt/resource/origin_deepshare_website/deepshare_website/deepshare_website/current-deepshare_website.tmp && mv -fT /mnt/resource/origin_deepshare_website/deepshare_website/deepshare_website/current-deepshare_website.tmp /mnt/resource/deepshare_website && source /etc/profile && cd /mnt/resource/origin_deepshare_website/deepshare_website/deepshare_website/20160315-152436 && bash /mnt/resource/staging/deepshare2_website_staging.sh \"\'',3061,'\'139.217.25.52:2234 : pod \"deepshare-website-3jszj\" deleted\'',1458026722),(441,12,79,1,24,'\'ssh  -T  -p 2209 -q -o UserKnownHostsFile=/dev/null -o StrictHostKeyChecking=no core@139.217.25.52 \" mkdir -p /mnt/resource/origin_deepshare_website/deepshare_website/20160315-152651 \"\'',3318,'\'139.217.25.52:2209 : \'',1458026814),(442,12,79,1,40,'\'\'',0,'NULL',1458026814),(443,12,79,1,53,'\'cd /data/deploy/repo/prod/deepshare_website/prod/deepshare_website-20160315-152651  && /usr/bin/env git reset -q --hard v2.0.7\'',1314,'\'\'',1458026816),(444,12,79,1,64,'\'\'',0,'NULL',1458026816),(445,12,79,1,78,'\'rsync -avzq --rsh=\"ssh -q -o UserKnownHostsFile=/dev/null -o StrictHostKeyChecking=no -p 2209\"  /data/deploy/repo/prod/deepshare_website/prod/deepshare_website-20160315-152651/ core@139.217.25.52:/mnt/resource/origin_deepshare_website/deepshare_website/20160315-152651\'',29993,'\'\'',1458026846),(446,12,79,1,100,'\'ssh  -T  -p 2209 -q -o UserKnownHostsFile=/dev/null -o StrictHostKeyChecking=no core@139.217.25.52 \" ln -sfn /mnt/resource/origin_deepshare_website/deepshare_website/20160315-152651 /mnt/resource/origin_deepshare_website/deepshare_website/current-deepshare_website.tmp && sudo chown -h core /mnt/resource/origin_deepshare_website/deepshare_website/current-deepshare_website.tmp && mv -fT /mnt/resource/origin_deepshare_website/deepshare_website/current-deepshare_website.tmp /mnt/resource/deepshare_website && source /etc/profile && cd /mnt/resource/origin_deepshare_website/deepshare_website/20160315-152651 && bash  /mnt/resource/prod/deepshare2_website_prod.sh \"\'',6372,'\'139.217.25.52:2209 : pod \"deepshare-website-nc9z3\" deleted\'',1458026854),(447,12,80,1,24,'\'ssh  -T  -p 2234 -q -o UserKnownHostsFile=/dev/null -o StrictHostKeyChecking=no core@139.217.25.52 \" mkdir -p /mnt/resource/origin_deepshare_website/deepshare_website/deepshare_website/20160315-163522 \"\'',2952,'\'139.217.25.52:2234 : \'',1458030925),(448,12,80,1,40,'\'\'',0,'NULL',1458030925),(449,12,80,1,53,'\'cd /data/deploy/repo/staging/deepshare_website/simu/deepshare_website-20160315-163522  && /usr/bin/env git reset -q --hard 5f1dccb\'',1343,'\'\'',1458030927),(450,12,80,1,64,'\'\'',0,'NULL',1458030927),(451,12,80,1,78,'\'rsync -avzq --rsh=\"ssh -q -o UserKnownHostsFile=/dev/null -o StrictHostKeyChecking=no -p 2234\"  /data/deploy/repo/staging/deepshare_website/simu/deepshare_website-20160315-163522/ core@139.217.25.52:/mnt/resource/origin_deepshare_website/deepshare_website/deepshare_website/20160315-163522\'',25092,'\'\'',1458030952),(452,12,80,1,100,'\'ssh  -T  -p 2234 -q -o UserKnownHostsFile=/dev/null -o StrictHostKeyChecking=no core@139.217.25.52 \" ln -sfn /mnt/resource/origin_deepshare_website/deepshare_website/deepshare_website/20160315-163522 /mnt/resource/origin_deepshare_website/deepshare_website/deepshare_website/current-deepshare_website.tmp && sudo chown -h core /mnt/resource/origin_deepshare_website/deepshare_website/deepshare_website/current-deepshare_website.tmp && mv -fT /mnt/resource/origin_deepshare_website/deepshare_website/deepshare_website/current-deepshare_website.tmp /mnt/resource/deepshare_website && source /etc/profile && cd /mnt/resource/origin_deepshare_website/deepshare_website/deepshare_website/20160315-163522 && bash /mnt/resource/staging/deepshare2_website_staging.sh \"\'',3761,'\'139.217.25.52:2234 : pod \"deepshare-website-0di0g\" deleted\'',1458030955),(453,12,81,1,24,'\'ssh  -T  -p 2209 -q -o UserKnownHostsFile=/dev/null -o StrictHostKeyChecking=no core@139.217.25.52 \" mkdir -p /mnt/resource/origin_deepshare_website/deepshare_website/20160315-163756 \"\'',2923,'\'139.217.25.52:2209 : \'',1458031079),(454,12,81,1,40,'\'\'',0,'NULL',1458031079),(455,12,81,1,53,'\'cd /data/deploy/repo/prod/deepshare_website/prod/deepshare_website-20160315-163756  && /usr/bin/env git reset -q --hard v2.0.8\'',1317,'\'\'',1458031080),(456,12,81,1,64,'\'\'',0,'NULL',1458031080),(457,12,81,1,78,'\'rsync -avzq --rsh=\"ssh -q -o UserKnownHostsFile=/dev/null -o StrictHostKeyChecking=no -p 2209\"  /data/deploy/repo/prod/deepshare_website/prod/deepshare_website-20160315-163756/ core@139.217.25.52:/mnt/resource/origin_deepshare_website/deepshare_website/20160315-163756\'',24808,'\'\'',1458031105),(458,12,81,1,100,'\'ssh  -T  -p 2209 -q -o UserKnownHostsFile=/dev/null -o StrictHostKeyChecking=no core@139.217.25.52 \" ln -sfn /mnt/resource/origin_deepshare_website/deepshare_website/20160315-163756 /mnt/resource/origin_deepshare_website/deepshare_website/current-deepshare_website.tmp && sudo chown -h core /mnt/resource/origin_deepshare_website/deepshare_website/current-deepshare_website.tmp && mv -fT /mnt/resource/origin_deepshare_website/deepshare_website/current-deepshare_website.tmp /mnt/resource/deepshare_website && source /etc/profile && cd /mnt/resource/origin_deepshare_website/deepshare_website/20160315-163756 && bash  /mnt/resource/prod/deepshare2_website_prod.sh \"\'',5591,'\'139.217.25.52:2209 : pod \"deepshare-website-op06q\" deleted\'',1458031111);
/*!40000 ALTER TABLE `record` ENABLE KEYS */;
UNLOCK TABLES;

--
-- Table structure for table `session`
--

DROP TABLE IF EXISTS `session`;
/*!40101 SET @saved_cs_client     = @@character_set_client */;
/*!40101 SET character_set_client = utf8 */;
CREATE TABLE `session` (
  `id` varchar(40) NOT NULL,
  `expire` int(10) unsigned DEFAULT NULL,
  `data` blob,
  PRIMARY KEY (`id`)
) ENGINE=InnoDB DEFAULT CHARSET=utf8;
/*!40101 SET character_set_client = @saved_cs_client */;

--
-- Dumping data for table `session`
--

LOCK TABLES `session` WRITE;
/*!40000 ALTER TABLE `session` DISABLE KEYS */;
INSERT INTO `session` VALUES ('3eijv8uve6airegqojml82kgf7',1457424654,'__flash|a:0:{}__id|i:1;'),('7b7dv0nl5n3p7htokj81go34b1',1458029533,'__flash|a:0:{}__id|i:11;'),('a2go8bt2l4vieuuq869iubs746',1457335028,'__flash|a:0:{}__id|i:12;'),('btau50p1eb33rubjqdt1ug8gb3',1458064716,'__flash|a:0:{}__id|i:1;'),('cl6mi3utlmqrqrk68afhjkunk3',1457590200,'__flash|a:0:{}__id|i:12;'),('d3332afa18chsblglpmonu65o4',1458032553,'__flash|a:0:{}__id|i:12;'),('fank7nnuso1612chh3p923b5l1',1457525988,'__flash|a:0:{}__id|i:12;'),('gc2q9qcs9rrk1efa3njqlaafe7',1457091619,'__flash|a:0:{}__id|i:3;'),('gpro633jf7iq69k75u5gqkttg2',1457525697,'__flash|a:0:{}__id|i:12;'),('hr0k33tttusg17jeltni9141m0',1457323496,'__flash|a:0:{}__id|i:3;'),('ka32r1so5ca1a319im21v3tvh0',1457681835,'__flash|a:0:{}__id|i:1;'),('nbqnrem9q4if09n5rk4b3p72n4',1457060761,'__flash|a:0:{}'),('ookmap46knkhq10mo23v12s2u0',1458032559,'__flash|a:0:{}'),('p7hmsca5d921u7t1p5qgqetms2',1456918466,'__flash|a:0:{}__id|i:8;'),('qo7ne34kr7odcn2hb2e9muv0t1',1457848374,'__flash|a:0:{}__id|i:9;'),('qpcus5ui030bct0d1niff7p760',1457609127,'__flash|a:0:{}__id|i:1;'),('ta1dunas60gus64o556uu9ssb4',1457080253,'__flash|a:0:{}__id|i:3;'),('tfnevs6chcjsuunq51o548q7u1',1458032541,'__flash|a:0:{}__id|i:1;'),('u79rikqi92t2mi6h57quhnbl83',1457576830,'__flash|a:0:{}__id|i:12;');
/*!40000 ALTER TABLE `session` ENABLE KEYS */;
UNLOCK TABLES;

--
-- Table structure for table `task`
--

DROP TABLE IF EXISTS `task`;
/*!40101 SET @saved_cs_client     = @@character_set_client */;
/*!40101 SET character_set_client = utf8 */;
CREATE TABLE `task` (
  `id` int(11) NOT NULL AUTO_INCREMENT,
  `user_id` int(21) unsigned NOT NULL COMMENT 'ç”¨æˆ·id',
  `project_id` int(21) NOT NULL DEFAULT '0' COMMENT 'é¡¹ç›®id',
  `action` smallint(1) NOT NULL DEFAULT '0' COMMENT '0å…¨æ–°ä¸Šçº¿ï¼Œ2å›žæ»š',
  `status` smallint(1) NOT NULL DEFAULT '0' COMMENT 'çŠ¶æ€0ï¼šæ–°å»ºæäº¤ï¼Œ1å®¡æ ¸é€šè¿‡ï¼Œ2å®¡æ ¸æ‹’ç»ï¼Œ3ä¸Šçº¿å®Œæˆï¼Œ4ä¸Šçº¿å¤±è´¥',
  `title` varchar(100) DEFAULT '' COMMENT 'ä¸Šçº¿çš„è½¯é“¾å·',
  `link_id` varchar(20) DEFAULT '' COMMENT 'ä¸Šçº¿çš„è½¯é“¾å·',
  `ex_link_id` varchar(20) DEFAULT '' COMMENT 'ä¸Šä¸€æ¬¡ä¸Šçº¿çš„è½¯é“¾å·',
  `commit_id` varchar(100) DEFAULT '' COMMENT 'git commit id',
  `created_at` datetime DEFAULT NULL COMMENT 'åˆ›å»ºæ—¶é—´',
  `updated_at` datetime DEFAULT NULL COMMENT 'ä¿®æ”¹æ—¶é—´',
  `branch` varchar(100) DEFAULT 'master' COMMENT 'é€‰æ‹©ä¸Šçº¿çš„åˆ†æ”¯',
  `file_list` text COMMENT 'æ–‡ä»¶åˆ—è¡¨ï¼Œsvnä¸Šçº¿æ–¹å¼å¯èƒ½ä¼šäº§ç”Ÿ',
  `enable_rollback` int(1) NOT NULL DEFAULT '1' COMMENT 'èƒ½å¦å›žæ»šæ­¤ç‰ˆæœ¬:0no 1yes',
  PRIMARY KEY (`id`)
) ENGINE=InnoDB AUTO_INCREMENT=82 DEFAULT CHARSET=utf8;
/*!40101 SET character_set_client = @saved_cs_client */;

--
-- Dumping data for table `task`
--

LOCK TABLES `task` WRITE;
/*!40000 ALTER TABLE `task` DISABLE KEYS */;
INSERT INTO `task` VALUES (3,3,1,0,4,'test','20160303-164658','','a2a62e8','2016-03-03 08:46:39','2016-03-03 08:46:58','master',NULL,1),(4,1,1,0,4,'test','20160303-165920','','a2a62e8','2016-03-03 08:53:25','2016-03-03 08:59:20','master',NULL,1),(7,1,1,0,3,'sdf','20160303-172112',NULL,'51b65b1','2016-03-03 09:09:50','2016-03-03 09:21:12','mingfeng.zhang',NULL,1),(8,1,1,0,4,'test','20160303-172856','','ae464f0','2016-03-03 09:28:50','2016-03-03 09:28:56','mingfeng.zhang',NULL,1),(9,1,1,0,3,'dfss','20160304-100327','20160303-173733','51b65b1','2016-03-03 09:30:45','2016-03-04 02:03:27','mingfeng.zhang',NULL,1),(10,1,1,1,3,'sdf - å›žæ»š',NULL,NULL,'51b65b1','2016-03-03 09:31:13','2016-03-03 09:31:21','mingfeng.zhang',NULL,0),(11,1,1,1,3,'sdf - å›žæ»š',NULL,NULL,'51b65b1','2016-03-03 09:31:30','2016-03-03 09:31:34','mingfeng.zhang',NULL,0),(12,1,1,0,3,'sdsd','20160303-173225',NULL,'ae464f0','2016-03-03 09:32:19','2016-03-03 09:32:25','mingfeng.zhang',NULL,1),(13,1,1,0,4,'aSDAD','20160303-173421','','51b65b1','2016-03-03 09:34:15','2016-03-03 09:34:21','mingfeng.zhang',NULL,1),(14,1,1,0,3,'das','20160303-173733','20160303-173225','51b65b1','2016-03-03 09:37:27','2016-03-03 09:37:33','mingfeng.zhang',NULL,1),(15,1,1,0,3,'werwr','20160304-100412','20160304-100327','51b65b1','2016-03-03 09:50:13','2016-03-04 02:04:12','master',NULL,1),(16,1,1,1,1,'werwr - å›žæ»š','20160304-100327','20160304-100327','51b65b1','2016-03-04 02:04:23','2016-03-04 02:04:23','master',NULL,1),(17,1,1,1,1,'werwr - å›žæ»š','20160304-100327','20160304-100327','51b65b1','2016-03-04 02:04:45','2016-03-04 02:04:45','master',NULL,1),(18,1,1,1,1,'werwr - å›žæ»š','20160304-100327','20160304-100327','51b65b1','2016-03-04 02:58:29','2016-03-04 02:58:29','master',NULL,1),(19,1,1,1,1,'werwr - å›žæ»š','20160304-100327','20160304-100327','51b65b1','2016-03-04 02:59:55','2016-03-04 02:59:55','master',NULL,1),(20,1,1,1,1,'werwr - å›žæ»š','20160304-100327','20160304-100327','51b65b1','2016-03-04 03:00:54','2016-03-04 03:00:54','master',NULL,1),(23,10,1,0,3,'gfbfdb','20160304-110635','20160304-100412','a2a62e8','2016-03-04 03:06:20','2016-03-04 03:06:35','master',NULL,1),(24,3,2,0,3,'dsrwfw','20160304-113002',NULL,'','2016-03-04 03:22:51','2016-03-04 03:30:02','master',NULL,1),(25,3,2,0,3,'dsfs','20160304-113016','20160304-113002','','2016-03-04 03:23:43','2016-03-04 03:30:16','master',NULL,1),(26,3,2,1,1,'dsrwfw - å›žæ»š',NULL,NULL,'','2016-03-04 03:30:56','2016-03-04 06:19:33','master',NULL,1),(27,3,1,0,3,'sdfsdfs','20160304-114723','20160304-110635','ae464f0','2016-03-04 03:44:19','2016-03-04 03:47:23','master',NULL,1),(28,3,2,1,3,'dsfs - å›žæ»š','20160304-113002','20160304-113002','','2016-03-04 03:59:12','2016-03-04 05:04:31','master',NULL,0),(30,1,2,0,3,'sdfsf','20160304-141528','20160304-113002','','2016-03-04 06:14:31','2016-03-04 06:15:28','master',NULL,1),(31,1,1,0,3,'ascasd','20160304-142024','20160304-114723','51b65b1','2016-03-04 06:20:18','2016-03-04 06:20:24','mingfeng.zhang',NULL,1),(32,9,2,0,3,'asdas','20160304-145110','20160304-141528','','2016-03-04 06:25:02','2016-03-04 06:51:10','master',NULL,1),(33,9,2,1,0,'asdas - å›žæ»š','20160304-141528','20160304-141528','','2016-03-04 06:53:43','2016-03-04 06:53:43','master',NULL,1),(34,9,2,1,3,'asdas - å›žæ»š','20160304-141528','20160304-141528','','2016-03-04 06:53:49','2016-03-04 06:54:24','master',NULL,0),(35,9,2,0,2,'asdfsad','','','','2016-03-04 07:03:11','2016-03-04 16:28:04','master',NULL,1),(36,1,2,0,3,'cscsf','20160304-151650','20160304-141528','','2016-03-04 07:04:48','2016-03-04 07:16:50','master',NULL,1),(37,1,2,0,1,'sdfs','','','','2016-03-04 07:36:40','2016-03-04 07:36:45','master',NULL,1),(38,1,2,0,3,'sdfsfs','20160304-155359','20160304-151650','','2016-03-04 07:40:21','2016-03-04 07:53:59','master',NULL,1),(39,1,2,0,1,'dfsfsd','','','','2016-03-04 08:05:55','2016-03-07 05:46:45','master',NULL,1),(40,3,2,0,3,'asdsdf','20160304-160650','20160304-155359','','2016-03-04 08:06:16','2016-03-04 08:06:50','master',NULL,1),(41,1,2,0,3,'sfsd','20160304-172928','20160304-160650','','2016-03-04 09:29:12','2016-03-04 09:29:28','master',NULL,1),(42,3,4,0,3,'testing','20160304-190527',NULL,'0d739ee','2016-03-04 10:47:56','2016-03-04 11:05:27','master',NULL,1),(43,1,2,1,1,'cscsf - å›žæ»š','20160304-141528','20160304-141528','','2016-03-07 02:06:14','2016-03-07 05:46:46','master',NULL,1),(44,1,1,0,3,'rollback testing','20160307-104608','20160304-142024','3650e2e','2016-03-07 02:46:00','2016-03-07 02:46:08','master',NULL,1),(45,1,1,1,3,'rollback testing - å›žæ»š','20160304-142024','20160304-142024','3650e2e','2016-03-07 02:47:14','2016-03-07 02:47:18','master',NULL,0),(46,3,2,1,1,'asdsdf - å›žæ»š','20160304-155359','20160304-155359','','2016-03-07 03:29:02','2016-03-07 05:45:32','master',NULL,1),(47,3,2,1,1,'asdsdf - å›žæ»š','20160304-155359','20160304-155359','','2016-03-07 03:29:05','2016-03-07 05:45:37','master',NULL,1),(48,11,4,0,3,'æµ‹è¯•','20160307-140002','20160304-190421','5bf61e4','2016-03-07 05:54:06','2016-03-07 06:00:02','master',NULL,1),(49,1,1,1,1,'rollback testing - å›žæ»š','20160304-142024','20160304-142024','3650e2e','2016-03-07 05:57:39','2016-03-07 06:54:45','master',NULL,1),(50,11,4,1,3,'æµ‹è¯• - å›žæ»š','20160304-190421','20160304-190421','5bf61e4','2016-03-07 06:15:23','2016-03-07 06:25:50','master',NULL,0),(51,1,4,0,1,'fsfsdfssfsd','','','5bf61e4','2016-03-07 06:25:47','2016-03-07 06:26:08','master',NULL,1),(52,11,4,0,1,'dsfsfs','','','5bf61e4','2016-03-07 06:31:16','2016-03-07 06:32:19','master',NULL,1),(53,1,4,0,3,'update dsusage redis connection','20160308-141443','20160304-190421','85f147a','2016-03-08 06:14:09','2016-03-08 06:14:43','dsusage-redis',NULL,1),(54,11,8,0,3,'è‡ªå®šä¹‰download url','20160309-144245',NULL,'1cef0fc','2016-03-09 06:42:30','2016-03-09 06:42:45','download-url',NULL,1),(55,11,8,0,3,'ç”Ÿæˆshorturlæ—¶è‡ªå®šä¹‰download url','20160309-152134','20160309-144245','1cef0fc','2016-03-09 07:21:19','2016-03-09 07:21:34','download-url',NULL,1),(56,11,8,0,3,'ç”Ÿæˆshorturlæ—¶è‡ªå®šä¹‰download url','20160309-160410','20160309-152134','1cef0fc','2016-03-09 08:04:06','2016-03-09 08:04:10','download-url',NULL,1),(57,11,8,0,3,' download url è‡ªå®šä¹‰','20160309-170642','20160309-160410','1cef0fc','2016-03-09 08:56:37','2016-03-09 09:06:42','download-url',NULL,1),(58,12,6,0,3,'ç¡®è®¤v2ç»†èŠ‚ï¼Œé¢„ä¸Šçº¿ç‰ˆæœ¬','20160309-184059',NULL,'2d5b868','2016-03-09 10:27:17','2016-03-09 10:40:59','v2',NULL,1),(59,11,7,0,4,'customised download url','20160309-192336','','20160309-customised-download-url','2016-03-09 11:08:33','2016-03-09 11:23:36','master',NULL,1),(60,11,7,0,3,'customised download url ','20160309-193349',NULL,'20160309-customised-download-url','2016-03-09 11:24:05','2016-03-09 11:33:49','master',NULL,1),(61,12,6,0,3,'fix bug, pre-release','20160309-195011','20160309-184059','19131d9','2016-03-09 11:50:03','2016-03-09 11:50:11','v2',NULL,1),(62,12,6,0,3,'pre-release, demo btn size','20160309-202644','20160309-195011','43a89d9','2016-03-09 12:18:29','2016-03-09 12:26:44','v2',NULL,1),(63,12,6,0,3,'pre-release','20160309-204105','20160309-202644','43a89d9','2016-03-09 12:40:53','2016-03-09 12:41:05','v2',NULL,1),(64,12,6,0,3,'pre','20160309-204245','20160309-204105','43a89d9','2016-03-09 12:42:39','2016-03-09 12:42:45','v2',NULL,1),(65,12,6,0,3,'pre','20160309-205215','20160309-204245','49a2ddb','2016-03-09 12:52:08','2016-03-09 12:52:15','v2',NULL,1),(66,12,6,0,3,'mobile style','20160310-001818','20160309-205215','88212f5','2016-03-09 16:18:12','2016-03-09 16:18:18','v2',NULL,1),(67,12,6,0,3,'fix mobile style v2','20160310-100413','20160310-001818','43d0be6','2016-03-10 02:04:00','2016-03-10 02:04:13','v2',NULL,1),(68,12,6,0,3,'video button','20160310-134646','20160310-100413','07d00af','2016-03-10 05:46:20','2016-03-10 05:46:46','v2',NULL,1),(69,12,6,0,3,'pre release','20160310-181905','20160310-134646','68fdf97','2016-03-10 10:18:50','2016-03-10 10:19:05','v2',NULL,1),(70,12,5,0,3,'v2','20160310-184828',NULL,'v2.0.2','2016-03-10 10:45:27','2016-03-10 10:48:28','master',NULL,1),(71,12,5,0,3,'v2','20160310-190211','20160310-184828','v2.0.2','2016-03-10 11:01:55','2016-03-10 11:02:11','master',NULL,1),(72,12,5,0,3,'2.0.3-hotfix mobile style','20160310-205756','20160310-190211','v2.0.3','2016-03-10 12:57:33','2016-03-10 12:57:56','master',NULL,1),(73,12,6,0,3,'change text','20160311-164311','20160310-181905','d5b0d70','2016-03-11 08:42:59','2016-03-11 08:43:11','master',NULL,1),(74,12,5,0,3,'change slogan','20160311-164537','20160310-205756','v2.0.5','2016-03-11 08:45:23','2016-03-11 08:45:37','master',NULL,1),(75,12,5,0,3,'chaonengbu animation','20160312-154715','20160311-164537','v2.0.6','2016-03-12 07:47:03','2016-03-12 07:47:15','master',NULL,1),(76,11,4,0,3,'test js api','20160315-103002','20160308-141443','3f517c6','2016-03-15 02:29:55','2016-03-15 02:30:02','dl-without-landingpage',NULL,1),(77,11,4,0,3,'test js api','20160315-105217','20160315-103002','7621c62','2016-03-15 02:52:13','2016-03-15 02:52:17','dl-without-landingpage',NULL,1),(78,12,6,0,3,'short animation','20160315-152436','20160311-164311','3816502','2016-03-15 07:24:16','2016-03-15 07:24:36','master',NULL,1),(79,12,5,0,3,'short animation','20160315-152651','20160312-154715','v2.0.7','2016-03-15 07:26:40','2016-03-15 07:26:51','master',NULL,1),(80,12,6,0,3,'color logo','20160315-163522','20160315-152436','5f1dccb','2016-03-15 08:35:04','2016-03-15 08:35:22','master',NULL,1),(81,12,5,0,3,'color logo','20160315-163756','20160315-152651','v2.0.8','2016-03-15 08:37:45','2016-03-15 08:37:56','master',NULL,1);
/*!40000 ALTER TABLE `task` ENABLE KEYS */;
UNLOCK TABLES;

--
-- Table structure for table `user`
--

DROP TABLE IF EXISTS `user`;
/*!40101 SET @saved_cs_client     = @@character_set_client */;
/*!40101 SET character_set_client = utf8 */;
CREATE TABLE `user` (
  `id` int(11) NOT NULL AUTO_INCREMENT,
  `username` varchar(255) NOT NULL,
  `is_email_verified` tinyint(1) NOT NULL DEFAULT '0',
  `auth_key` varchar(32) NOT NULL,
  `password_hash` varchar(255) NOT NULL,
  `password_reset_token` varchar(255) DEFAULT NULL,
  `email_confirmation_token` varchar(255) DEFAULT NULL,
  `email` varchar(255) NOT NULL,
  `avatar` varchar(100) DEFAULT 'default.jpg' COMMENT 'å¤´åƒå›¾ç‰‡åœ°å€',
  `role` smallint(6) NOT NULL DEFAULT '10',
  `status` smallint(6) NOT NULL DEFAULT '10',
  `created_at` datetime NOT NULL,
  `updated_at` datetime NOT NULL,
  `realname` varchar(32) NOT NULL,
  PRIMARY KEY (`id`)
) ENGINE=InnoDB AUTO_INCREMENT=13 DEFAULT CHARSET=utf8;
/*!40101 SET character_set_client = @saved_cs_client */;

--
-- Dumping data for table `user`
--

LOCK TABLES `user` WRITE;
/*!40000 ALTER TABLE `user` DISABLE KEYS */;
INSERT INTO `user` VALUES (1,'admin',1,'cJIrTa_b2Hnjn6BZkrL8PJkYto2Ael3O','$2y$13$RvgThvNVV81yX08A.v5HA.k.DwKfpx3hNlbe8X6TXfeDGl4ArxBoq',NULL,'UpToOIawm1L8GjN6pLO4r-1oj20nLT5f_1443280741','admin@xxx.com','default.jpg',1,10,'2015-09-26 21:20:32','2016-03-01 09:12:19','ç®¡ç†å‘˜'),(9,'mingfeng.zhang@misingularity.com',1,'j-7ym6IYEr7gWgeZ9TOc8P3gMEk2zPw0','$2y$13$6Brb2Dn45TQrb.P60Ylwq.63BC2LErdO4.DR1WY6cP0lDIgUG7uni',NULL,NULL,'mingfeng.zhang@misingularity.com','default.jpg',2,10,'2016-03-03 02:00:39','2016-03-03 02:01:17','å¼ æ˜Žé”‹'),(10,'kevin.liu@misingularity.com',1,'067qqy8NY1CLZ8_zZnTdcrij6huH0gGN','$2y$13$SpxrTmA/Ifawj3g1SuFeI.DsaIa/miT0fy/z09CRuJ3sy4xn9PleC',NULL,NULL,'kevin.liu@misingularity.com','default.jpg',1,10,'2016-03-04 02:37:39','2016-03-04 02:42:33','kevin'),(11,'flora.wang@misingularity.com',1,'ZLy1xUOjiWHaGwPmvOZiVPdlYBioaroq','$2y$13$8HJYloWUGdPOEdj09M2rVOjRkLBy1EIvtpH4qC7F1V7kpJo.QOzbW',NULL,NULL,'flora.wang@misingularity.com','default.jpg',2,10,'2016-03-07 05:46:14','2016-03-07 05:47:18','Flora Wang'),(12,'tao.zhu@misingularity.com',1,'_Dd96X91PDa2fIJMqjOlNgoLeFoxCVHr','$2y$13$cvbEay3pRNuqE1syNz2mD.R/185.Yklyd1fCgAssBkeDwv08HVAr6',NULL,NULL,'tao.zhu@misingularity.com','default.jpg',2,10,'2016-03-07 06:42:43','2016-03-07 06:44:17','jackyzhu');
/*!40000 ALTER TABLE `user` ENABLE KEYS */;
UNLOCK TABLES;
/*!40103 SET TIME_ZONE=@OLD_TIME_ZONE */;

/*!40101 SET SQL_MODE=@OLD_SQL_MODE */;
/*!40014 SET FOREIGN_KEY_CHECKS=@OLD_FOREIGN_KEY_CHECKS */;
/*!40014 SET UNIQUE_CHECKS=@OLD_UNIQUE_CHECKS */;
/*!40101 SET CHARACTER_SET_CLIENT=@OLD_CHARACTER_SET_CLIENT */;
/*!40101 SET CHARACTER_SET_RESULTS=@OLD_CHARACTER_SET_RESULTS */;
/*!40101 SET COLLATION_CONNECTION=@OLD_COLLATION_CONNECTION */;
/*!40111 SET SQL_NOTES=@OLD_SQL_NOTES */;

-- Dump completed on 2016-03-15 23:50:01
